date,session_open_price,signal_price,eow_price,confirmation_return,entered,skip_reason,forward_return
2023-05-01,4184.25,4189.75,4187.5,0.0013144530083049055,False,no_signal,
2023-05-02,4177.0,4137.75,4140.5,-0.009396696193440301,False,no_signal,
2023-05-03,4141.5,4142.0,4109.75,0.00012072920439454293,False,no_signal,
2023-05-04,4095.25,4065.25,4076.25,-0.00732556010011598,False,no_signal,
2023-05-05,4114.5,4133.5,4151.0,0.004617815044355433,True,,0.0042337002540220325
2023-05-08,4154.75,4143.25,4153.75,-0.0027679162404476987,False,no_signal,
2023-05-09,4135.5,4137.25,4136.5,0.0004231652762665128,False,no_signal,
2023-05-10,4162.75,4145.0,4153.5,-0.00426400816767758,False,no_signal,
2023-05-11,4141.5,4130.75,4142.25,-0.002595677894482673,False,no_signal,
2023-05-12,4155.75,4141.0,4136.5,-0.003549299163809194,False,no_signal,
2023-05-15,4143.0,4131.0,4147.0,-0.002896451846488013,False,no_signal,
2023-05-16,4139.0,4138.5,4124.75,-0.00012080212611742525,False,no_signal,
2023-05-17,4143.75,4137.0,4173.0,-0.0016289592760181382,False,no_signal,
2023-05-18,4167.25,4187.5,4210.75,0.00485931969524267,True,,0.005552238805970111
2023-05-19,4219.75,4224.0,4207.5,0.00100716867112971,False,no_signal,
2023-05-22,4204.5,4209.25,4205.0,0.0011297419431561817,False,no_signal,
2023-05-23,4187.75,4194.0,4160.5,0.0014924482120470817,False,no_signal,
2023-05-24,4140.0,4122.0,4127.25,-0.004347826086956497,False,no_signal,
2023-05-25,4160.75,4144.75,4161.5,-0.0038454605539867126,False,no_signal,
2023-05-26,4166.25,4205.5,4216.0,0.009420942094209517,True,,0.002496730472000941
2023-05-30,4233.0,4219.75,4209.5,-0.0031301677297425057,False,no_signal,
2023-05-31,4194.75,4180.5,4192.0,-0.00339710352225997,False,no_signal,
2023-06-01,4191.25,4190.0,4224.5,-0.00029824038174763867,False,no_signal,
2023-06-02,4254.75,4265.0,4292.0,0.0024090722134084697,False,no_signal,
2023-06-05,4292.0,4288.25,4282.25,-0.0008737185461323849,False,no_signal,
2023-06-06,4275.5,4283.0,4291.5,0.0017541807975676171,False,no_signal,
2023-06-07,4292.75,4292.0,4272.5,-0.0001747131791974832,False,no_signal,
2023-06-08,4272.5,4280.5,4297.75,0.001872440023405586,False,no_signal,
2023-06-09,4305.25,4323.75,4303.75,0.004297079147552507,True,,-0.004625614339404449
2023-06-12,4314.5,4312.5,4338.25,-0.000463553134778083,False,no_signal,
2023-06-13,4357.5,4361.25,4369.75,0.000860585197934638,False,no_signal,
2023-06-14,4374.0,4381.25,4363.5,0.0016575217192500435,False,no_signal,
2023-06-15,4364.75,4396.5,4429.5,0.0072741852339768265,True,,0.007505970658478356
2023-06-20,4435.0,4413.0,4436.25,-0.004960541149943598,False,no_signal,
2023-06-21,4422.0,4414.0,4414.25,-0.0018091361374943382,False,no_signal,
2023-06-22,4398.0,4414.5,4423.0,0.003751705320600207,True,,0.0019254728734852122
2023-06-23,4386.0,4394.25,4392.5,0.0018809849521204125,False,no_signal,
2023-06-26,4383.0,4396.25,4374.75,0.0030230435774583064,True,,-0.00489053170315612
2023-06-27,4379.5,4384.0,4420.0,0.0010275145564562216,False,no_signal,
2023-06-28,4406.25,4411.0,4411.25,0.0010780141843971247,False,no_signal,
2023-06-29,4414.0,4421.0,4431.5,0.0015858631626641806,False,no_signal,
2023-06-30,4468.25,4484.25,4498.0,0.0035808202316343074,True,,0.0030662875620226515
2023-07-05,4471.25,4487.25,4484.75,0.0035784176684372504,True,,-0.0005571341021783915
2023-07-06,4443.75,4426.5,4445.0,-0.0038818565400844385,False,no_signal,
2023-07-07,4434.75,4443.5,4436.75,0.0019730537234341483,False,no_signal,
2023-07-10,4430.0,4441.0,4440.0,0.002483069977426533,False,no_signal,
2023-07-11,4453.0,4450.5,4472.0,-0.0005614192679093133,False,no_signal,
2023-07-12,4512.5,4520.5,4508.5,0.0017728531855956131,False,no_signal,
2023-07-13,4526.0,4525.75,4546.25,-5.523641184268513e-05,False,no_signal,
2023-07-14,4551.5,4550.75,4536.25,-0.00016478084148086047,False,no_signal,
2023-07-17,4536.75,4544.5,4558.5,0.0017082713396152638,False,no_signal,
2023-07-18,4550.0,4561.75,4590.25,0.0025824175824176177,True,,0.0062476023455910745
2023-07-19,4595.25,4603.0,4598.0,0.0016865241281758259,False,no_signal,
2023-07-20,4584.25,4577.75,4564.75,-0.00141789823853411,False,no_signal,
2023-07-21,4581.75,4565.0,4568.25,-0.0036558083701642152,False,no_signal,
2023-07-24,4575.25,4582.75,4579.75,0.0016392546855363843,False,no_signal,
2023-07-25,4580.0,4588.5,4599.5,0.0018558951965066406,False,no_signal,
2023-07-26,4585.25,4587.75,4589.25,0.000545226541628141,False,no_signal,
2023-07-27,4629.25,4615.75,4562.0,-0.0029162391316087666,False,no_signal,
2023-07-28,4596.75,4602.5,4608.75,0.0012508837765812242,False,no_signal,
2023-07-31,4611.5,4614.5,4605.25,0.0006505475441829223,False,no_signal,
2023-08-01,4599.5,4595.75,4604.5,-0.0008153060115230204,False,no_signal,
2023-08-02,4567.75,4554.75,4538.0,-0.002846040172951647,False,no_signal,
2023-08-03,4513.25,4506.5,4525.5,-0.0014955962997840189,False,no_signal,
2023-08-04,4538.5,4535.75,4495.0,-0.0006059270684146689,False,no_signal,
2023-08-07,4518.25,4527.0,4534.75,0.0019365904941073264,False,no_signal,
2023-08-08,4510.75,4491.25,4517.75,-0.004323006151970343,False,no_signal,
2023-08-09,4519.75,4513.5,4488.75,-0.0013828198462304542,False,no_signal,
2023-08-10,4509.0,4536.75,4485.25,0.0061543579507652435,True,,-0.011351738579379544
2023-08-11,4465.5,4486.75,4480.0,0.00475870563206815,True,,-0.001504429709700772
2023-08-14,4472.5,4484.5,4498.75,0.002683063163778643,True,,0.0031776117738877563
2023-08-15,4487.25,4464.25,4453.0,-0.005125633740041269,False,no_signal,
2023-08-16,4448.25,4457.75,4423.25,0.0021356713314224507,False,no_signal,
2023-08-17,4433.0,4422.75,4392.75,-0.0023122039251071147,False,no_signal,
2023-08-18,4353.5,4358.5,4382.75,0.0011485012059262445,False,no_signal,
2023-08-21,4395.0,4385.75,4415.75,-0.0021046643913538166,False,no_signal,
2023-08-22,4431.0,4414.5,4398.25,-0.003723764387271511,False,no_signal,
2023-08-23,4410.5,4427.25,4444.75,0.0037977553565355926,True,,0.003952792365463864
2023-08-24,4463.5,4437.75,4391.5,-0.005769015346701045,False,no_signal,
2023-08-25,4402.25,4391.25,4412.0,-0.002498722244306917,False,no_signal,
2023-08-28,4437.75,4446.5,4440.25,0.0019717199031039634,False,no_signal,
2023-08-29,4441.0,4474.0,4503.5,0.007430758838099516,True,,0.006593652212784962
2023-08-30,4509.25,4506.5,4520.75,-0.0006098575151077812,False,no_signal,
2023-08-31,4527.75,4538.25,4520.25,0.0023190326321020915,False,no_signal,
2023-09-01,4542.75,4537.75,4522.0,-0.0011006548896593804,False,no_signal,
2023-09-05,4517.5,4509.0,4506.5,-0.0018815716657443193,False,no_signal,
2023-09-06,4493.0,4469.75,4468.25,-0.00517471622523924,False,no_signal,
2023-09-07,4438.0,4438.5,4456.75,0.0001126633618746542,False,no_signal,
2023-09-08,4455.25,4475.0,4456.75,0.004432972336008145,True,,-0.0040782122905027585
2023-09-11,4488.25,4483.75,4487.25,-0.001002617946861295,False,no_signal,
2023-09-12,4474.25,4471.25,4467.0,-0.0006705034363301277,False,no_signal,
2023-09-13,4466.25,4465.5,4468.75,-0.00016792611251048584,False,no_signal,
2023-09-14,4493.0,4487.75,4505.0,-0.0011684843089250219,False,no_signal,
2023-09-18,4494.5,4498.25,4497.75,0.0008343530982310998,False,no_signal,
2023-09-19,4490.5,4479.5,4491.25,-0.002449615855695364,False,no_signal,
2023-09-20,4503.25,4501.0,4453.75,-0.0004996391495031283,False,no_signal,
2023-09-21,4415.75,4405.75,4378.0,-0.0022646209590669875,False,no_signal,
2023-09-22,4382.25,4385.25,4360.0,0.0006845798391237334,False,no_signal,
2023-09-25,4348.25,4351.75,4368.5,0.000804921520151769,False,no_signal,
2023-09-26,4346.25,4334.75,4313.25,-0.00264595916019561,False,no_signal,
2023-09-27,4325.5,4323.25,4313.25,-0.0005201710784880076,False,no_signal,
2023-09-28,4307.25,4316.5,4335.0,0.002147541935109354,False,no_signal,
2023-09-29,4369.75,4356.0,4331.5,-0.003146633102580232,False,no_signal,
2023-10-02,4317.25,4319.0,4320.25,0.0004053506282934993,False,no_signal,
2023-10-03,4301.0,4275.25,4260.5,-0.005986979772146017,False,no_signal,
2023-10-04,4269.5,4255.25,4301.25,-0.003337627356833406,False,no_signal,
2023-10-05,4290.75,4280.75,4291.75,-0.0023305948843442836,False,no_signal,
2023-10-06,4265.25,4275.75,4343.0,0.0024617548795498045,False,no_signal,
2023-10-09,4321.75,4329.5,4366.25,0.0017932550471453368,False,no_signal,
2023-10-10,4376.0,4396.75,4390.75,0.004741773308957864,True,,-0.0013646443395689545
2023-10-11,4402.5,4395.75,4408.5,-0.001533219761499116,False,no_signal,
2023-10-12,4413.75,4403.0,4381.0,-0.002435570659869768,False,no_signal,
2023-10-13,4395.0,4387.25,4358.75,-0.0017633674630261886,False,no_signal,
2023-10-16,4380.25,4402.0,4408.5,0.004965470007419759,True,,0.0014766015447524872
2023-10-17,4369.25,4388.5,4399.5,0.004405790467471471,True,,0.0025065512133986
2023-10-18,4382.75,4376.0,4340.5,-0.0015401289144942876,False,no_signal,
2023-10-19,4347.75,4328.0,4307.5,-0.004542579495141141,False,no_signal,
2023-10-20,4296.5,4270.0,4248.25,-0.0061678110089608,False,no_signal,
2023-10-23,4231.25,4243.75,4241.0,0.002954209748892156,True,,-0.0006480117820324427
2023-10-24,4261.75,4279.5,4271.75,0.0041649557106822055,True,,-0.001810959224208486
2023-10-25,4253.5,4227.0,4209.75,-0.006230163394851274,False,no_signal,
2023-10-26,4196.25,4185.5,4158.25,-0.0025618111408995947,False,no_signal,
2023-10-27,4172.75,4160.5,4133.0,-0.0029357138577676967,False,no_signal,
2023-10-30,4165.75,4160.0,4190.25,-0.001380303666806748,False,no_signal,
2023-10-31,4191.5,4187.25,4211.25,-0.0010139568173684887,False,no_signal,
2023-11-01,4221.5,4241.25,4258.0,0.004678431837024766,True,,0.003949307397583368
2023-11-02,4294.0,4310.5,4337.25,0.003842571029343267,True,,0.006205776592042689
2023-11-03,4359.5,4367.0,4377.75,0.0017203807776120517,False,no_signal,
2023-11-06,4382.5,4380.5,4378.0,-0.0004563605248145697,False,no_signal,
2023-11-07,4384.0,4391.75,4393.25,0.001767791970803012,False,no_signal,
2023-11-08,4402.25,4396.25,4400.5,-0.0013629394059855304,False,no_signal,
2023-11-09,4409.0,4389.5,4359.5,-0.004422771603538211,False,no_signal,
2023-11-10,4383.75,4371.75,4430.25,-0.00273738237810095,False,no_signal,
2023-11-13,4415.5,4414.75,4426.25,-0.00016985618842713102,False,no_signal,
2023-11-14,4486.5,4512.0,4508.75,0.005683717820126999,True,,-0.0007203014184397061
2023-11-15,4523.75,4530.0,4515.5,0.0013815971262780558,False,no_signal,
2023-11-16,4513.0,4520.25,4519.75,0.0016064701972080542,False,no_signal,
2023-11-17,4522.25,4522.25,4526.25,0.0,False,no_signal,
2023-11-20,4524.5,4539.0,4560.5,0.0032047740081777576,True,,0.004736726151134629
2023-11-21,4550.0,4540.0,4552.25,-0.00219780219780219,False,no_signal,
2023-11-22,4566.5,4566.0,4567.25,-0.00010949304719154451,False,no_signal,
2023-11-27,4561.25,4561.0,4561.5,-5.480953685943479e-05,False,no_signal,
2023-11-28,4555.25,4555.0,4561.25,-5.4881729872113816e-05,False,no_signal,
2023-11-29,4585.25,4578.25,4558.75,-0.0015266343165585283,False,no_signal,
2023-11-30,4566.25,4559.5,4572.5,-0.0014782370654257138,False,no_signal,
2023-12-01,4568.75,4567.5,4597.0,-0.0002735978112174964,False,no_signal,
2023-12-04,4566.0,4558.25,4577.0,-0.0016973280770915533,False,no_signal,
2023-12-05,4562.0,4573.5,4571.5,0.002520824199912397,True,,-0.0004373018476002688
2023-12-06,4597.25,4580.25,4553.5,-0.0036978628527923885,False,no_signal,
2023-12-07,4576.5,4586.75,4589.75,0.002239702829673229,False,no_signal,
2023-12-08,4581.0,4604.75,4609.75,0.005184457542021459,True,,0.0010858352787881387
2023-12-11,4602.25,4607.25,4623.25,0.001086425118148826,False,no_signal,
2023-12-12,4621.0,4625.0,4642.25,0.000865613503570728,False,no_signal,
2023-12-13,4648.75,4652.5,4700.75,0.0008066684592631379,False,no_signal,
2023-12-14,4726.5,4725.0,4715.5,-0.00031735956839096247,False,no_signal,
2023-12-18,4782.0,4790.5,4797.0,0.001777498954412371,False,no_signal,
2023-12-19,4797.5,4810.75,4815.0,0.00276185513288163,True,,0.0008834381333471253
2023-12-20,4810.5,4822.5,4764.0,0.002494543186778886,False,no_signal,
2023-12-21,4781.25,4779.75,4794.5,-0.00031372549019603735,False,no_signal,
2023-12-22,4806.25,4819.5,4804.5,0.0027568270481144186,True,,-0.00311235605353255
2023-12-26,4808.75,4816.75,4824.0,0.0016636340005198313,False,no_signal,
2023-12-27,4822.25,4825.0,4823.75,0.0005702732127119692,False,no_signal,
2023-12-28,4832.0,4836.75,4829.25,0.0009830298013244754,False,no_signal,
2023-12-29,4828.5,4831.75,4811.5,0.0006730868799833534,False,no_signal,
2024-01-02,4783.5,4778.25,4780.5,-0.0010975227343994476,False,no_signal,
2024-01-03,4764.25,4754.25,4742.5,-0.0020989662591174296,False,no_signal,
2024-01-04,4739.5,4754.25,4729.25,0.0031121426310791733,True,,-0.005258452963138205
2024-01-05,4730.25,4750.25,4737.0,0.0042281063368743155,True,,-0.0027893268775327495
2024-01-08,4739.25,4754.25,4801.5,0.0031650577623041354,True,,0.009938476100331384
2024-01-09,4773.0,4779.0,4794.25,0.0012570710245127792,False,no_signal,
2024-01-10,4795.25,4800.75,4816.5,0.0011469683541003306,False,no_signal,
2024-01-11,4827.0,4800.5,4812.25,-0.005489952351356964,False,no_signal,
2024-01-12,4829.0,4815.5,4817.25,-0.002795609857113246,False,no_signal,
2024-01-16,4802.0,4808.5,4794.0,0.001353602665556064,False,no_signal,
2024-01-17,4766.0,4766.0,4771.25,0.0,False,no_signal,
2024-01-18,4786.0,4787.75,4812.0,0.00036564981195152946,False,no_signal,
2024-01-19,4822.0,4825.0,4870.5,0.0006221484861053117,False,no_signal,
2024-01-22,4885.75,4890.0,4881.0,0.0008698766821879644,False,no_signal,
2024-01-23,4885.75,4884.0,4895.0,-0.0003581845161950703,False,no_signal,
2024-01-24,4923.5,4920.5,4897.25,-0.0006093226363359516,False,no_signal,
2024-01-25,4919.0,4924.25,4916.5,0.0010672900996138157,False,no_signal,
2024-01-26,4918.25,4924.0,4915.75,0.0011691150307528986,False,no_signal,
2024-01-29,4919.0,4918.0,4948.25,-0.00020329335230739876,False,no_signal,
2024-01-30,4946.25,4948.25,4949.5,0.00040434672731870513,False,no_signal,
2024-01-31,4926.0,4912.5,4875.5,-0.0027405602923263883,False,no_signal,
2024-02-01,4883.25,4899.0,4921.5,0.003225311012133414,True,,0.0045927740355173885
2024-02-02,4933.0,4945.0,4990.5,0.002432596797080855,False,no_signal,
2024-02-05,4973.0,4949.5,4968.25,-0.004725517796098977,False,no_signal,
2024-02-06,4970.0,4959.75,4968.5,-0.002062374245472842,False,no_signal,
2024-02-07,4997.5,5014.5,5011.25,0.0034017008504252377,True,,-0.0006481204506929572
2024-02-08,5013.25,5010.75,5011.75,-0.0004986785019698292,False,no_signal,
2024-02-09,5020.0,5028.25,5042.0,0.0016434262948206158,False,no_signal,
2024-02-12,5043.0,5044.5,5040.75,0.0002974419988102106,False,no_signal,
2024-02-13,4975.0,4978.75,4960.0,0.000753768844221181,False,no_signal,
2024-02-14,4997.25,5006.5,5012.25,0.0018510180599329296,False,no_signal,
2024-02-15,5019.0,5023.25,5043.75,0.0008467822275353143,False,no_signal,
2024-02-16,5043.0,5028.25,5020.5,-0.0029248463216339227,False,no_signal,
2024-02-20,5001.75,4986.5,4985.5,-0.003048932873494281,False,no_signal,
2024-02-21,4978.0,4977.75,4992.5,-5.022097227802558e-05,False,no_signal,
2024-02-22,5062.25,5076.0,5100.5,0.002716183515235393,True,,0.004826635145784186
2024-02-23,5114.25,5114.25,5106.0,0.0,False,no_signal,
2024-02-26,5103.75,5100.0,5084.75,-0.0007347538574578039,False,no_signal,
2024-02-27,5086.5,5082.0,5089.0,-0.0008846947803008431,False,no_signal,
2024-02-28,5072.25,5075.75,5074.5,0.0006900290797968722,False,no_signal,
2024-02-29,5098.0,5093.75,5106.0,-0.0008336602589250619,False,no_signal,
2024-03-01,5105.75,5120.0,5145.25,0.002790970964109185,True,,0.004931640624999956
2024-03-04,5135.75,5140.25,5139.25,0.0008762108747504271,False,no_signal,
2024-03-05,5116.5,5098.0,5082.5,-0.0036157529561223756,False,no_signal,
2024-03-06,5119.25,5107.25,5113.5,-0.002344093373052747,False,no_signal,
2024-03-07,5143.0,5153.5,5165.5,0.0020416099552789113,False,no_signal,
2024-03-08,5165.0,5190.25,5134.5,0.004888673765730989,True,,-0.010741293771976301
2024-03-11,5114.25,5099.5,5117.0,-0.0028840983526421393,False,no_signal,
2024-03-12,5143.75,5159.75,5179.75,0.003110571081409441,True,,0.0038761567905420957
2024-03-13,5179.5,5172.5,5168.5,-0.0013514818032628328,False,no_signal,
2024-03-14,5175.75,5156.0,5150.0,-0.003815872095831563,False,no_signal,
2024-03-18,5225.5,5237.25,5213.5,0.0022485886518035514,False,no_signal,
2024-03-19,5205.75,5198.0,5243.0,-0.0014887384142534543,False,no_signal,
2024-03-20,5241.0,5246.75,5278.75,0.0010971188704445023,False,no_signal,
2024-03-21,5315.0,5319.0,5306.5,0.0007525870178739513,False,no_signal,
2024-03-22,5301.25,5298.0,5300.5,-0.0006130629568498192,False,no_signal,
2024-03-25,5276.75,5283.0,5277.75,0.0011844411806509747,False,no_signal,
2024-03-26,5290.0,5289.0,5270.5,-0.0001890359168241762,False,no_signal,
2024-03-27,5293.0,5275.0,5305.5,-0.003400717929340602,False,no_signal,
2024-03-28,5309.5,5309.75,5313.75,4.708541293907409e-05,False,no_signal,
2024-04-01,5311.75,5303.0,5297.5,-0.0016472913823127877,False,no_signal,
2024-04-02,5253.25,5242.5,5260.0,-0.002046352258125883,False,no_signal,
2024-04-03,5247.75,5275.0,5266.0,0.005192701634033625,True,,-0.0017061611374407093
2024-04-04,5305.25,5298.75,5208.5,-0.001225201451392488,False,no_signal,
2024-04-05,5211.0,5221.5,5259.5,0.002014968336211842,False,no_signal,
2024-04-08,5258.5,5262.0,5252.75,0.00066558904630587,False,no_signal,
2024-04-09,5271.75,5241.75,5248.5,-0.00569070991606202,False,no_signal,
2024-04-10,5199.75,5211.5,5210.75,0.002259724025193588,False,no_signal,
2024-04-11,5218.75,5186.75,5248.25,-0.006131736526946097,False,no_signal,
2024-04-12,5204.25,5198.0,5162.25,-0.0012009415381659672,False,no_signal,
2024-04-15,5211.25,5185.5,5108.0,-0.004941232909570603,False,no_signal,
2024-04-16,5107.0,5089.0,5104.0,-0.003524574113961232,False,no_signal,
2024-04-17,5117.5,5100.25,5072.5,-0.003370786516853963,False,no_signal,
2024-04-18,5073.75,5074.0,5048.0,4.927322000503054e-05,False,no_signal,
2024-04-19,5047.25,5037.25,5004.0,-0.0019812769329833335,False,no_signal,
2024-04-22,5030.25,5016.25,5044.25,-0.0027831618706823935,False,no_signal,
2024-04-23,5069.5,5095.25,5106.25,0.005079396390176516,True,,0.002158873460575972
2024-04-24,5116.75,5113.5,5109.75,-0.0006351688083255924,False,no_signal,
2024-04-25,5039.5,5043.5,5079.0,0.0007937295366604591,False,no_signal,
2024-04-26,5111.0,5128.75,5134.0,0.0034729015848171674,True,,0.001023641238118378
2024-04-29,5147.25,5148.75,5143.25,0.00029141774734076087,False,no_signal,
2024-04-30,5131.0,5128.5,5080.0,-0.0004872344572207643,False,no_signal,
2024-05-01,5058.0,5052.0,5053.25,-0.0011862396204033177,False,no_signal,
2024-05-02,5083.25,5061.75,5083.5,-0.004229577534057949,False,no_signal,
2024-05-03,5153.25,5138.0,5156.5,-0.002959297530684468,False,no_signal,
2024-05-06,5178.5,5184.25,5202.75,0.0011103601428985588,False,no_signal,
2024-05-07,5216.25,5214.0,5217.5,-0.00043134435657798953,False,no_signal,
2024-05-08,5192.25,5209.0,5215.25,0.0032259617699454957,True,,0.0011998464196583125
2024-05-09,5211.25,5218.25,5237.25,0.001343247781242507,False,no_signal,
2024-05-10,5255.5,5245.0,5250.25,-0.0019979069546189887,False,no_signal,
2024-05-13,5262.0,5252.75,5244.5,-0.001757886735081704,False,no_signal,
2024-05-14,5246.75,5258.25,5274.0,0.002191833039500546,False,no_signal,
2024-05-15,5293.5,5299.5,5332.25,0.0011334655709833719,False,no_signal,
2024-05-16,5332.25,5340.0,5333.0,0.0014534202259834927,False,no_signal,
2024-05-17,5320.75,5324.25,5324.25,0.000657802001597485,False,no_signal,
2024-05-20,5328.0,5345.5,5330.25,0.003284534534534478,True,,-0.0028528668973902827
2024-05-21,5324.5,5332.0,5345.25,0.0014085829655365867,False,no_signal,
2024-05-22,5338.0,5342.25,5319.75,0.0007961783439489611,False,no_signal,
2024-05-23,5357.5,5331.75,5286.25,-0.004806346243583781,False,no_signal,
2024-05-24,5304.5,5312.5,5318.5,0.0015081534546139697,False,no_signal,
2024-05-28,5328.5,5321.75,5317.5,-0.001266773013043121,False,no_signal,
2024-05-29,5282.0,5292.25,5284.0,0.0019405528209011091,False,no_signal,
2024-05-30,5269.75,5264.0,5251.5,-0.0010911333554722846,False,no_signal,
2024-05-31,5257.75,5233.0,5280.75,-0.004707336788550287,False,no_signal,
2024-06-03,5312.25,5303.5,5287.25,-0.0016471363358275815,False,no_signal,
2024-06-04,5285.25,5290.25,5303.75,0.0009460290430916007,False,no_signal,
2024-06-05,5327.5,5322.0,5364.0,-0.0010323791647114389,False,no_signal,
2024-06-06,5369.25,5369.5,5363.0,4.656143781711641e-05,False,no_signal,
2024-06-07,5352.5,5362.5,5357.5,0.0018682858477347963,False,no_signal,
2024-06-10,5347.25,5351.0,5368.75,0.0007012950582074851,False,no_signal,
2024-06-11,5355.5,5351.5,5379.0,-0.0007468957146858912,False,no_signal,
2024-06-12,5430.0,5453.0,5430.75,0.004235727440147219,True,,-0.004080322758114763
2024-06-13,5444.25,5423.25,5441.0,-0.0038572806171649487,False,no_signal,
2024-06-14,5419.0,5419.0,5430.25,0.0,False,no_signal,
2024-06-17,5429.75,5432.0,5480.5,0.0004143837193240074,False,no_signal,
2024-06-18,5479.25,5481.75,5491.75,0.0004562668248391244,False,no_signal,
2024-06-20,5501.0,5497.75,5484.25,-0.0005908016724232024,False,no_signal,
2024-06-24,5531.0,5543.5,5524.0,0.0022599891520520554,False,no_signal,
2024-06-25,5527.25,5527.5,5532.75,4.523044913828933e-05,False,no_signal,
2024-06-26,5523.0,5524.25,5542.0,0.00022632627195373622,False,no_signal,
2024-06-27,5538.75,5550.75,5536.0,0.0021665538253214933,False,no_signal,
2024-06-28,5552.75,5577.5,5527.25,0.004457250911710453,True,,-0.009009412819363516
2024-07-01,5537.0,5523.0,5535.5,-0.0025284450063211006,False,no_signal,
2024-07-02,5516.0,5532.5,5563.0,0.0029912980420594426,True,,0.00551287844554893
2024-07-05,5592.25,5595.75,5624.75,0.000625866154052579,False,no_signal,
2024-07-08,5629.0,5629.5,5625.75,8.882572392954202e-05,False,no_signal,
2024-07-09,5636.0,5633.75,5632.0,-0.00039921930447128773,False,no_signal,
2024-07-10,5643.25,5646.25,5687.0,0.0005316085588977781,False,no_signal,
2024-07-11,5686.5,5669.75,5640.25,-0.0029455728479732546,False,no_signal,
2024-07-12,5646.0,5668.25,5674.25,0.003940843074743183,True,,0.0010585277643011537
2024-07-15,5690.5,5697.0,5677.75,0.0011422546349177942,False,no_signal,
2024-07-16,5698.25,5696.0,5719.0,-0.0003948580704602467,False,no_signal,
2024-07-17,5655.25,5654.25,5640.5,-0.00017682684231468127,False,no_signal,
2024-07-18,5651.75,5654.75,5586.75,0.000530809041447311,False,no_signal,
2024-07-19,5587.25,5574.5,5549.0,-0.002281981296702318,False,no_signal,
2024-07-22,5593.5,5595.25,5609.75,0.0003128631447215646,False,no_signal,
2024-07-23,5607.5,5622.5,5595.75,0.002674988854213023,True,,-0.004757670075589138
2024-07-24,5548.5,5519.5,5463.75,-0.0052266378300441785,False,no_signal,
2024-07-25,5471.75,5464.25,5449.25,-0.0013706766573765572,False,no_signal,
2024-07-26,5478.5,5491.75,5486.25,0.0024185452222322823,False,no_signal,
2024-07-29,5514.25,5508.25,5507.25,-0.0010880899487690776,False,no_signal,
2024-07-30,5516.25,5503.5,5482.5,-0.0023113528212100887,False,no_signal,
2024-07-31,5543.25,5556.75,5561.75,0.0024353943985928606,False,no_signal,
2024-08-01,5578.0,5550.5,5468.75,-0.004930082466834018,False,no_signal,
2024-08-02,5404.5,5351.25,5366.5,-0.009852900360810435,False,no_signal,
2024-08-05,5159.5,5189.75,5201.5,0.005862971218141277,True,,0.00226407823112873
2024-08-06,5235.25,5273.0,5276.75,0.007210734921923478,True,,0.0007111701118907021
2024-08-07,5327.75,5330.25,5232.25,0.0004692412369198262,False,no_signal,
2024-08-08,5280.75,5320.75,5341.25,0.00757468162666286,True,,0.0038528402950712692
2024-08-09,5337.5,5345.75,5362.75,0.0015456674473068865,False,no_signal,
2024-08-12,5381.0,5380.75,5362.25,-4.645976584283229e-05,False,no_signal,
2024-08-13,5403.5,5412.75,5451.0,0.0017118534283335762,False,no_signal,
2024-08-14,5466.25,5456.5,5480.0,-0.0017836725360164118,False,no_signal,
2024-08-15,5532.5,5542.0,5560.25,0.0017171260732038451,False,no_signal,
2024-08-16,5549.5,5565.0,5574.75,0.002793044418416102,True,,0.0017520215633424208
2024-08-19,5582.25,5589.0,5625.25,0.0012091898428052694,False,no_signal,
2024-08-20,5626.0,5625.75,5620.5,-4.443654461427915e-05,False,no_signal,
2024-08-21,5631.25,5635.5,5641.25,0.0007547169811321641,False,no_signal,
2024-08-22,5658.75,5643.75,5588.5,-0.002650762094102088,False,no_signal,
2024-08-23,5626.0,5657.75,5655.75,0.005643441166014895,True,,-0.00035349741505019683
2024-08-26,5661.0,5648.5,5633.25,-0.002208090443384547,False,no_signal,
2024-08-27,5623.25,5639.5,5640.75,0.0028897879340239463,True,,0.00022165085557235287
2024-08-28,5640.0,5638.5,5617.75,-0.00026595744680846245,False,no_signal,
2024-08-29,5630.5,5644.0,5603.5,0.002397655625610451,False,no_signal,
2024-08-30,5631.25,5636.25,5656.75,0.0008879023307435396,False,no_signal,
2024-09-03,5626.25,5593.75,5530.5,-0.005776494112419428,False,no_signal,
2024-09-04,5522.75,5546.0,5531.25,0.004209859218686329,True,,-0.0026595744680850686
2024-09-05,5528.25,5549.25,5506.5,0.003798670465337217,True,,-0.0077037437491552785
2024-09-06,5515.5,5462.75,5418.75,-0.009563956123651574,False,no_signal,
2024-09-09,5462.0,5463.25,5472.0,0.00022885389967042258,False,no_signal,
2024-09-10,5498.25,5485.5,5502.5,-0.0023189196562543035,False,no_signal,
2024-09-11,5500.5,5425.5,5553.75,-0.01363512407962908,False,no_signal,
2024-09-12,5562.75,5570.75,5596.25,0.001438137611792678,False,no_signal,
2024-09-13,5607.75,5622.0,5632.25,0.0025411261201016,True,,0.001823194592671662
2024-09-16,5627.75,5624.75,5639.5,-0.0005330727200035801,False,no_signal,
2024-09-17,5660.75,5669.25,5636.0,0.0015015678134522314,False,no_signal,
2024-09-18,5646.25,5639.75,5625.5,-0.0011512065530219218,False,no_signal,
2024-09-19,5718.0,5721.75,5717.25,0.0006558237145855017,False,no_signal,
2024-09-23,5774.5,5779.0,5776.0,0.0007792882500650133,False,no_signal,
2024-09-24,5784.25,5761.5,5785.0,-0.003933094178156238,False,no_signal,
2024-09-25,5790.5,5790.25,5777.5,-4.317416457988443e-05,False,no_signal,
2024-09-26,5823.75,5806.0,5802.25,-0.0030478643485726264,False,no_signal,
2024-09-27,5811.5,5817.75,5795.5,0.00107545384152119,False,no_signal,
2024-09-30,5780.25,5785.25,5811.5,0.000865014488992788,False,no_signal,
2024-10-01,5808.5,5748.25,5759.5,-0.010372729620383936,False,no_signal,
2024-10-02,5749.75,5756.0,5762.75,0.001087003782773266,False,no_signal,
2024-10-03,5744.5,5742.5,5744.5,-0.00034815910871266453,False,no_signal,
2024-10-04,5793.5,5757.75,5798.75,-0.006170708552688309,False,no_signal,
2024-10-07,5781.75,5784.0,5751.0,0.0003891555324944118,False,no_signal,
2024-10-08,5772.5,5777.5,5804.25,0.0008661758336943048,False,no_signal,
2024-10-09,5799.5,5810.0,5845.25,0.0018105009052504784,False,no_signal,
2024-10-10,5825.5,5827.0,5831.0,0.00025748862758567803,False,no_signal,
2024-10-11,5824.25,5863.0,5863.25,0.006653217152422952,True,,4.264028654277219e-05
2024-10-14,5876.5,5899.75,5910.5,0.003956436654471096,True,,0.001822111106402735
2024-10-15,5911.0,5897.5,5864.75,-0.0022838775164947256,False,no_signal,
2024-10-16,5861.75,5872.25,5886.75,0.0017912739369643216,False,no_signal,
2024-10-17,5923.0,5902.0,5888.75,-0.003545500590916739,False,no_signal,
2024-10-18,5901.5,5895.25,5906.25,-0.0010590527831907393,False,no_signal,
2024-10-21,5898.5,5899.0,5890.0,8.476731372386581e-05,False,no_signal,
2024-10-22,5869.25,5872.5,5900.0,0.0005537334412404338,False,no_signal,
2024-10-23,5870.25,5867.5,5835.25,-0.0004684638644010253,False,no_signal,
2024-10-24,5857.0,5846.25,5853.25,-0.0018354106197712161,False,no_signal,
2024-10-25,5870.0,5898.25,5845.5,0.004812606473594494,True,,-0.008943330648921277
2024-10-28,5879.75,5878.5,5865.5,-0.00021259407287721466,False,no_signal,
2024-10-29,5852.0,5858.5,5872.0,0.0011107313738891733,False,no_signal,
2024-10-30,5866.25,5880.25,5853.5,0.0023865331344554708,False,no_signal,
2024-10-31,5807.25,5770.0,5749.0,-0.0064143957983554545,False,no_signal,
2024-11-01,5760.75,5803.0,5759.75,0.007334114481621246,True,,-0.007453041530242954
2024-11-04,5757.75,5767.0,5742.0,0.0016065303286874055,False,no_signal,
2024-11-05,5753.0,5786.25,5805.0,0.005779593255692772,True,,0.003240440699935121
2024-11-06,5939.0,5935.5,5956.75,-0.0005893248021552333,False,no_signal,
2024-11-07,5977.0,5988.75,6000.25,0.001965869165132972,False,no_signal,
2024-11-08,6004.75,6016.0,6023.75,0.0018735167992005586,False,no_signal,
2024-11-11,6042.0,6032.5,6026.25,-0.0015723270440252124,False,no_signal,
2024-11-12,6030.5,6023.0,6013.0,-0.0012436779703175471,False,no_signal,
2024-11-13,6016.0,6005.25,6011.25,-0.0017869015957446832,False,no_signal,
2024-11-14,6015.25,6005.5,5975.75,-0.0016208802626657137,False,no_signal,
2024-11-15,5936.75,5907.25,5899.5,-0.004969048721943814,False,no_signal,
2024-11-18,5900.25,5911.5,5914.5,0.0019066988686919917,False,no_signal,
2024-11-19,5883.75,5900.5,5935.25,0.0028468238793286638,True,,0.005889331412592069
2024-11-20,5938.75,5891.0,5937.0,-0.008040412544727427,False,no_signal,
2024-11-21,5967.75,5910.0,5974.75,-0.009677013949981106,False,no_signal,
2024-11-22,5968.25,5968.25,5989.5,0.0,False,no_signal,
2024-11-25,6026.75,6021.75,6007.25,-0.000829634545982505,False,no_signal,
2024-11-26,6018.5,6019.0,6040.0,8.307717869904252e-05,False,no_signal,
2024-11-27,6033.0,6022.0,6014.25,-0.0018233051549809698,False,no_signal,
2024-12-02,6055.25,6057.5,6061.75,0.00037157838239543217,False,no_signal,
2024-12-03,6058.5,6049.0,6065.25,-0.0015680448956012505,False,no_signal,
2024-12-04,6080.0,6079.5,6099.25,-8.22368421052877e-05,False,no_signal,
2024-12-05,6098.75,6093.25,6089.75,-0.0009018241442918518,False,no_signal,
2024-12-06,6094.5,6108.75,6098.0,0.00233817376322909,False,no_signal,
2024-12-09,6096.0,6082.5,6061.25,-0.00221456692913391,False,no_signal,
2024-12-10,6071.75,6069.25,6041.75,-0.0004117429077283852,False,no_signal,
2024-12-11,6075.5,6083.25,6093.75,0.0012756151757056244,False,no_signal,
2024-12-12,6082.25,6081.5,6064.0,-0.00012330963048212684,False,no_signal,
2024-12-13,6077.25,6063.75,6054.75,-0.002221399481673436,False,no_signal,
2024-12-16,6072.5,6077.0,6076.0,0.0007410456978180768,False,no_signal,
2024-12-17,6052.75,6043.25,6057.75,-0.001569534509107462,False,no_signal,
2024-12-18,6050.25,6064.0,5913.25,0.002272633362257803,False,no_signal,
2024-12-19,5921.25,5895.5,5871.5,-0.0043487439307579034,False,no_signal,
2024-12-23,5998.75,5981.5,6038.5,-0.0028755990831422773,False,no_signal,
2024-12-26,6079.25,6084.75,6100.75,0.0009047168647449144,False,no_signal,
2024-12-27,6052.5,6007.5,6023.75,-0.0074349442379182396,False,no_signal,
2024-12-30,5955.25,5922.25,5972.25,-0.005541329079383761,False,no_signal,
2024-12-31,5972.5,5969.25,5929.75,-0.000544160736709931,False,no_signal,
2025-01-02,5967.75,5951.0,5912.5,-0.0028067529638473587,False,no_signal,
2025-01-03,5945.0,5952.25,5983.5,0.0012195121951219523,False,no_signal,
2025-01-06,6032.75,6059.5,6015.75,0.004434130371721023,True,,-0.007220067662348395
2025-01-07,6042.0,6003.5,5952.5,-0.006372062231049358,False,no_signal,
2025-01-08,5954.0,5930.5,5959.0,-0.003946926436009357,False,no_signal,
2025-01-10,5920.75,5879.25,5871.0,-0.00700924713929818,False,no_signal,
2025-01-13,5817.5,5819.75,5872.5,0.0003867640739148026,False,no_signal,
2025-01-14,5902.75,5891.25,5876.0,-0.0019482444623268869,False,no_signal,
2025-01-15,5964.75,5985.5,5991.0,0.0034787711136259336,True,,0.0009188873110015372
2025-01-16,6001.75,5982.5,5984.25,-0.003207397842295956,False,no_signal,
2025-01-17,6026.75,6027.5,6040.25,0.0001244451818973591,False,no_signal,
2025-01-21,6063.75,6060.5,6085.75,-0.000535971964543358,False,no_signal,
2025-01-22,6116.25,6124.25,6123.0,0.0013079910075617374,False,no_signal,
2025-01-23,6113.5,6113.0,6143.75,-8.17862108448697e-05,False,no_signal,
2025-01-24,6152.0,6147.5,6128.75,-0.0007314694408322442,False,no_signal,
2025-01-27,5998.0,6041.0,6032.25,0.007169056352117398,True,,-0.0014484356894554073
2025-01-28,6057.5,6076.0,6102.25,0.003054065208419221,True,,0.004320276497695952
2025-01-29,6087.25,6079.75,6069.0,-0.0012320834531192038,False,no_signal,
2025-01-30,6089.5,6076.0,6099.0,-0.0022169307824944084,False,no_signal,
2025-01-31,6122.5,6137.5,6067.25,0.00244997958350357,False,no_signal,
2025-02-03,5972.25,6009.25,6028.5,0.006195320021767259,True,,0.003203394766401857
2025-02-04,6023.5,6051.0,6064.5,0.004565451979746005,True,,0.002231036192364977
2025-02-05,6051.0,6050.5,6079.5,-8.263097008753828e-05,False,no_signal,
2025-02-06,6103.75,6093.0,6105.25,-0.0017612123694450421,False,no_signal,
2025-02-07,6110.5,6087.0,6051.5,-0.0038458391293675342,False,no_signal,
2025-02-10,6080.75,6088.5,6086.5,0.0012745138346421658,False,no_signal,
2025-02-11,6065.0,6081.25,6088.5,0.0026793075020610235,True,,0.0011921891058581657
2025-02-12,6030.75,6053.25,6069.5,0.0037308792438750515,True,,0.0026845083219757537
2025-02-13,6083.5,6099.0,6132.25,0.0025478754006740267,True,,0.005451713395638658
2025-02-14,6134.5,6137.5,6136.25,0.00048903741136197,False,no_signal,
2025-02-18,6143.25,6130.75,6136.0,-0.0020347535913400883,False,no_signal,
2025-02-19,6134.25,6134.25,6159.0,0.0,False,no_signal,
2025-02-20,6148.5,6123.75,6135.75,-0.004025372041961406,False,no_signal,
2025-02-21,6132.5,6097.5,6034.0,-0.005707297187117821,False,no_signal,
2025-02-24,6050.0,6009.0,6004.25,-0.006776859504132204,False,no_signal,
2025-02-25,6000.5,5937.0,5966.0,-0.010582451462378129,False,no_signal,
2025-02-26,5987.25,6007.25,5974.5,0.003340431750803896,True,,-0.005451745807149688
2025-02-27,5995.5,5981.25,5883.25,-0.002376782586940185,False,no_signal,
2025-02-28,5879.75,5907.25,5949.25,0.004677069603299389,True,,0.007109907317279562
2025-03-03,5984.75,5964.25,5847.0,-0.0034253728225907,False,no_signal,
2025-03-04,5819.0,5766.75,5788.5,-0.008979206049149369,False,no_signal,
2025-03-05,5788.0,5779.25,5856.5,-0.001511748445058747,False,no_signal,
2025-03-06,5773.75,5803.75,5753.75,0.005195929854946879,True,,-0.008615119534783555
2025-03-07,5726.25,5740.75,5782.5,0.002532198209997727,True,,0.00727256891521133
2025-03-10,5691.25,5671.0,5618.5,-0.0035580935646826184,False,no_signal,
2025-03-11,5609.0,5574.25,5594.25,-0.006195400249598859,False,no_signal,
2025-03-12,5635.5,5603.75,5608.0,-0.005633927779256531,False,no_signal,
2025-03-13,5598.0,5584.0,5522.0,-0.0025008931761343334,False,no_signal,
2025-03-14,5572.0,5580.5,5644.75,0.0015254845656855753,False,no_signal,
2025-03-17,5637.25,5656.25,5691.5,0.003370437713424046,True,,0.006232044198895004
2025-03-18,5657.25,5622.25,5619.5,-0.006186751513544531,False,no_signal,
2025-03-19,5637.0,5653.5,5684.5,0.0029270888770622783,True,,0.005483328911293883
2025-03-20,5641.25,5703.0,5666.0,0.010946155550631609,True,,-0.006487813431527267
2025-03-24,5782.5,5806.0,5823.5,0.004063986165153466,True,,0.003014123320702611
2025-03-25,5826.0,5830.75,5825.5,0.0008153106762787132,False,no_signal,
2025-03-26,5824.0,5805.75,5764.75,-0.0031335851648351953,False,no_signal,
2025-03-27,5742.75,5765.75,5748.5,0.0040050498454573535,True,,-0.002991805055716945
2025-03-28,5723.5,5663.0,5629.5,-0.010570455141085011,False,no_signal,
2025-03-31,5563.5,5560.25,5658.5,-0.0005841646445582382,False,no_signal,
2025-04-01,5638.75,5615.0,5675.5,-0.0042119264021280856,False,no_signal,
2025-04-02,5613.0,5672.75,5715.25,0.010644931409228509,True,,0.007491957163633156
2025-04-03,5512.0,5490.5,5443.25,-0.00390058055152398,False,no_signal,
2025-04-04,5292.0,5216.75,5119.0,-0.014219576719576743,False,no_signal,
2025-04-07,4941.75,5032.75,5085.25,0.01841452926594833,True,,0.01043167254483146
2025-04-08,5272.0,5288.25,5009.25,0.00308232169954481,True,,-0.05275847397532263
2025-04-09,4982.75,5040.0,5496.25,0.011489639255431339,True,,0.09052579365079372
2025-04-10,5375.5,5334.5,5306.0,-0.007627197470002844,False,no_signal,
2025-04-11,5281.25,5258.75,5400.75,-0.004260355029585772,False,no_signal,
2025-04-14,5493.25,5474.5,5449.5,-0.003413279934465052,False,no_signal,
2025-04-15,5449.25,5446.0,5434.25,-0.000596412350323483,False,no_signal,
2025-04-16,5367.25,5367.0,5303.5,-4.6578788019946415e-05,False,no_signal,
2025-04-17,5322.75,5299.5,5317.25,-0.004368042835000696,False,no_signal,
2025-04-21,5257.25,5201.25,5179.5,-0.010651956821532194,False,no_signal,
2025-04-22,5245.5,5275.75,5313.25,0.005766847774282713,True,,0.007107994124058159
2025-04-23,5450.0,5485.5,5414.0,0.006513761467889845,True,,-0.013034363321483888
2025-04-24,5411.75,5467.5,5516.25,0.01030165842841968,True,,0.008916323731138487
2025-04-25,5510.5,5489.25,5549.5,-0.00385627438526448,False,no_signal,
2025-04-28,5557.0,5552.5,5562.75,-0.0008097894547417495,False,no_signal,
2025-04-29,5531.0,5541.25,5589.5,0.0018531911046826277,False,no_signal,
2025-04-30,5516.25,5503.75,5592.0,-0.0022660321776569736,False,no_signal,
2025-05-01,5645.0,5661.5,5644.25,0.0029229406554474036,True,,-0.003046895699019725
2025-05-02,5686.5,5703.25,5710.75,0.0029455728479732546,True,,0.0013150396703633938
2025-05-05,5664.25,5675.75,5672.75,0.002030277618396026,False,no_signal,
2025-05-06,5616.5,5644.0,5637.5,0.004896287723671344,True,,-0.0011516654854712982
2025-05-07,5638.5,5654.75,5641.25,0.0028819721557151734,True,,-0.002387373447102048
2025-05-08,5688.75,5680.75,5691.5,-0.0014062843331136277,False,no_signal,
2025-05-09,5699.75,5679.25,5684.5,-0.0035966489758322284,False,no_signal,
2025-05-12,5850.25,5818.5,5856.25,-0.005427118499209405,False,no_signal,
2025-05-13,5869.75,5903.75,5908.5,0.00579241023893684,True,,0.0008045733643871067
2025-05-14,5913.25,5909.75,5912.0,-0.0005918910920390541,False,no_signal,
2025-05-15,5889.0,5892.5,5927.75,0.0005943284088978373,False,no_signal,
2025-05-16,5944.5,5940.75,5970.75,-0.0006308352258390659,False,no_signal,
2025-05-19,5912.25,5954.0,5976.75,0.007061609370375033,True,,0.003820960698689868
2025-05-20,5962.0,5959.25,5954.75,-0.00046125461254609146,False,no_signal,
2025-05-21,5914.5,5926.25,5864.0,0.0019866429960266885,False,no_signal,
2025-05-22,5855.5,5857.0,5869.0,0.0002561694133720316,False,no_signal,
2025-05-23,5784.0,5802.0,5815.0,0.003112033195020736,True,,0.002240606687349267
2025-05-27,5886.25,5903.75,5928.5,0.0029730303673816127,True,,0.004192250688122012
2025-05-28,5940.25,5926.75,5899.5,-0.0022726316232482002,False,no_signal,
2025-05-29,5955.0,5924.5,5917.0,-0.005121746431570151,False,no_signal,
2025-05-30,5910.5,5917.25,5916.0,0.0011420353607984879,False,no_signal,
2025-06-02,5897.5,5906.25,5939.5,0.0014836795252226587,False,no_signal,
2025-06-03,5943.5,5959.0,5979.75,0.0026078909733322497,True,,0.0034821278738044192
2025-06-04,5989.25,5995.0,5982.25,0.0009600534290603591,False,no_signal,
2025-06-05,5995.0,5980.25,5944.75,-0.0024603836530442402,False,no_signal,
2025-06-06,6002.75,6008.0,6013.25,0.0008745991420597843,False,no_signal,
2025-06-09,6012.75,6012.5,6014.25,-4.1578312752088564e-05,False,no_signal,
2025-06-10,6016.25,6026.25,6038.25,0.0016621649698733698,False,no_signal,
2025-06-11,6055.5,6061.5,6023.0,0.0009908347783007532,False,no_signal,
2025-06-12,6014.0,6038.75,6040.25,0.004115397406052601,True,,0.00024839577727187034
2025-06-13,5996.0,5978.75,5970.25,-0.002876917945296875,False,no_signal,
2025-06-16,6014.25,6051.75,6035.25,0.006235191420376651,True,,-0.0027264840748544295
2025-06-17,6011.5,6021.0,5987.75,0.0015803044165350055,False,no_signal,
2025-06-18,5992.0,6016.25,5984.25,0.00404706275033373,True,,-0.00531892790359445
2025-06-23,6025.0,6051.0,6075.25,0.004315352697095376,True,,0.004007602049248105
2025-06-24,6118.5,6122.0,6147.25,0.0005720356296476936,False,no_signal,
2025-06-25,6155.0,6152.25,6141.25,-0.000446791226645038,False,no_signal,
2025-06-26,6165.5,6175.25,6196.0,0.0015813802611304162,False,no_signal,
2025-06-27,6204.25,6224.0,6217.5,0.0031833017689486542,True,,-0.001044344473007719
2025-06-30,6248.25,6241.75,6263.75,-0.0010402912815588028,False,no_signal,
2025-07-01,6235.25,6243.5,6252.75,0.0013231225692633686,False,no_signal,
2025-07-02,6245.0,6258.0,6273.5,0.0020816653322657253,False,no_signal,
2025-07-07,6302.0,6299.0,6270.5,-0.0004760393525864437,False,no_signal,
2025-07-08,6281.0,6267.75,6270.75,-0.002109536697977976,False,no_signal,
2025-07-09,6295.25,6301.25,6305.5,0.0009530995591915392,False,no_signal,
2025-07-10,6307.75,6303.25,6321.5,-0.0007134081090721667,False,no_signal,
2025-07-11,6290.5,6303.5,6302.75,0.002066608377712331,False,no_signal,
2025-07-14,6294.25,6289.25,6309.25,-0.000794375819200055,False,no_signal,
2025-07-15,6338.0,6317.25,6293.0,-0.003273903439570791,False,no_signal,
2025-07-16,6298.5,6285.75,6303.5,-0.002024291497975672,False,no_signal,
2025-07-17,6304.5,6315.0,6341.75,0.0016654770402093622,False,no_signal,
2025-07-18,6352.0,6332.25,6334.75,-0.0031092569269521864,False,no_signal,
2025-07-21,6345.5,6371.25,6345.75,0.004057993853912256,True,,-0.004002354326074209
2025-07-22,6348.0,6328.0,6348.75,-0.003150598613736566,False,no_signal,
2025-07-23,6372.75,6364.0,6391.75,-0.0013730336197088633,False,no_signal,
2025-07-24,6402.25,6404.5,6406.5,0.0003514389472452084,False,no_signal,
2025-07-25,6405.0,6409.0,6424.25,0.0006245120999219811,False,no_signal,
2025-07-28,6429.0,6431.0,6419.75,0.0003110903717529201,False,no_signal,
2025-07-29,6436.75,6430.75,6404.75,-0.0009321474346525305,False,no_signal,
2025-07-30,6412.0,6415.75,6386.75,0.0005848409232689367,False,no_signal,
2025-07-31,6446.75,6440.0,6362.0,-0.0010470392058014033,False,no_signal,
2025-08-01,6311.0,6281.0,6268.0,-0.004753604816986168,False,no_signal,
2025-08-04,6303.25,6341.0,6354.5,0.005988973942014031,True,,0.0021290017347421752
2025-08-05,6363.75,6344.0,6328.0,-0.0031035160086426705,False,no_signal,
2025-08-06,6335.0,6332.5,6372.75,-0.00039463299131803353,False,no_signal,
2025-08-07,6407.25,6382.0,6354.5,-0.0039408482578329185,False,no_signal,
2025-08-08,6383.0,6406.75,6413.0,0.003720820930597002,True,,0.0009755336168884021
2025-08-11,6416.25,6414.0,6391.25,-0.0003506721215663644,False,no_signal,
2025-08-12,6423.75,6433.75,6467.0,0.0015567230978790203,False,no_signal,
2025-08-13,6489.5,6482.25,6488.75,-0.0011171893058016247,False,no_signal,
2025-08-14,6467.5,6482.0,6494.5,0.002241979126401228,False,no_signal,
2025-08-15,6496.75,6478.75,6470.75,-0.002770616077269361,False,no_signal,
2025-08-18,6464.5,6465.75,6474.25,0.0001933637558975132,False,no_signal,
2025-08-19,6466.25,6465.25,6422.75,-0.0001546491397641514,False,no_signal,
2025-08-20,6428.0,6373.0,6421.75,-0.00855631611698815,False,no_signal,
2025-08-21,6395.25,6411.5,6389.25,0.002540948360111095,True,,-0.0034703267566091878
2025-08-22,6407.75,6472.0,6483.0,0.010026920525925576,True,,0.0016996291718169854
2025-08-25,6470.0,6471.25,6464.75,0.00019319938176187712,False,no_signal,
2025-08-26,6450.75,6459.5,6477.25,0.0013564314227028085,False,no_signal,
2025-08-27,6474.0,6489.5,6498.75,0.002394192153228225,False,no_signal,
2025-08-28,6500.0,6487.25,6522.75,-0.001961538461538459,False,no_signal,
2025-08-29,6499.0,6471.0,6463.25,-0.004308355131558694,False,no_signal,
2025-09-02,6398.25,6417.75,6424.25,0.003047708357754031,True,,0.0010128160180749024
2025-09-03,6448.75,6445.5,6451.75,-0.0005039736383020132,False,no_signal,
2025-09-04,6465.75,6470.0,6508.0,0.0006573096701851799,False,no_signal,
2025-09-05,6533.5,6484.25,6483.0,-0.007538073008341639,False,no_signal,
2025-09-08,6504.5,6505.5,6503.0,0.00015373971865639824,False,no_signal,
2025-09-09,6507.25,6504.75,6521.5,-0.0003841868684928418,False,no_signal,
2025-09-10,6553.25,6556.0,6538.0,0.0004196391103650221,False,no_signal,
2025-09-11,6557.75,6575.75,6597.75,0.0027448438870039116,True,,0.0033456259742234984
2025-09-12,6589.75,6593.5,6597.0,0.0005690655942942602,False,no_signal,
2025-09-15,6609.25,6619.75,6615.75,0.0015886825282747097,False,no_signal,
2025-09-16,6627.0,6611.5,6616.25,-0.0023389165534932754,False,no_signal,
2025-09-17,6612.0,6603.0,6605.25,-0.0013611615245009423,False,no_signal,
2025-09-18,6629.25,6654.75,6640.0,0.00384658898065382,True,,-0.002216461925692137
2025-09-22,6706.0,6724.5,6754.5,0.0027587235311661296,True,,0.004461298237787181
2025-09-23,6750.25,6749.0,6717.0,-0.0001851783267285967,False,no_signal,
2025-09-24,6727.25,6714.25,6693.5,-0.0019324389609424175,False,no_signal,
2025-09-25,6660.0,6665.5,6659.25,0.0008258258258257989,False,no_signal,
2025-09-26,6673.5,6666.25,6697.0,-0.0010863864538848134,False,no_signal,
2025-09-29,6722.25,6726.25,6709.5,0.000595038863475672,False,no_signal,
2025-09-30,6706.75,6706.0,6741.0,-0.0001118276363365478,False,no_signal,
2025-10-01,6706.75,6730.5,6762.5,0.003541208483990088,True,,0.004754475893321342
2025-10-02,6779.0,6761.25,6764.75,-0.0026183802920785038,False,no_signal,
2025-10-03,6772.0,6786.5,6768.5,0.002141169521559405,False,no_signal,
2025-10-06,6788.5,6777.25,6791.75,-0.001657214406717289,False,no_signal,
2025-10-07,6797.25,6784.0,6764.0,-0.0019493177387914784,False,no_signal,
2025-10-08,6773.25,6790.0,6801.75,0.00247296349610604,False,no_signal,
2025-10-09,6805.5,6781.75,6780.75,-0.0034898244067298467,False,no_signal,
2025-10-10,6788.0,6792.25,6600.0,0.000626104890984136,False,no_signal,
2025-10-13,6670.25,6673.0,6699.5,0.0004122784003597335,False,no_signal,
2025-10-14,6634.0,6660.5,6683.5,0.003994573409707547,True,,0.0034531942046391872
2025-10-15,6732.0,6760.25,6698.75,0.004196375519905038,True,,-0.009097296697607282
2025-10-16,6731.5,6732.5,6670.5,0.00014855529971025128,False,no_signal,
2025-10-17,6654.5,6683.0,6706.0,0.004282816139454582,True,,0.0034415681580128865
2025-10-20,6733.5,6763.25,6779.0,0.004418207470112234,True,,0.002328762059660594
2025-10-21,6774.25,6765.25,6783.75,-0.0013285603572351645,False,no_signal,
2025-10-22,6779.0,6753.25,6737.75,-0.0037984953532969046,False,no_signal,
2025-10-23,6739.25,6752.0,6776.5,0.0018919019178691432,False,no_signal,
2025-10-24,6820.75,6824.0,6833.0,0.00047648718982507,False,no_signal,
2025-10-27,6883.0,6886.5,6910.75,0.0005084992009298794,False,no_signal,
2025-10-28,6925.75,6916.25,6928.25,-0.0013716925964697424,False,no_signal,
2025-10-29,6942.0,6944.5,6919.5,0.00036012676462116033,False,no_signal,
2025-10-30,6893.0,6888.5,6858.0,-0.0006528362106484886,False,no_signal,
2025-10-31,6902.0,6884.25,6882.5,-0.002571718342509466,False,no_signal,
2025-11-03,6908.25,6854.75,6880.5,-0.007744363623204187,False,no_signal,
2025-11-04,6810.25,6843.0,6800.0,0.004808927719246681,True,,-0.006283793657752446
2025-11-05,6798.5,6822.75,6836.0,0.003566963300728032,True,,0.0019420321717782407
2025-11-06,6812.25,6792.5,6752.5,-0.002899188961062782,False,no_signal,
2025-11-07,6723.5,6703.25,6742.0,-0.003011824198706048,False,no_signal,
2025-11-10,6815.75,6832.0,6863.5,0.002384183692183628,False,no_signal,
2025-11-11,6842.5,6837.75,6876.75,-0.0006941907197661745,False,no_signal,
2025-11-12,6891.25,6875.0,6878.0,-0.002358062760747348,False,no_signal,
2025-11-13,6847.25,6831.0,6749.25,-0.002373215524480665,False,no_signal,
2025-11-14,6692.0,6736.25,6755.25,0.006612372982665926,True,,0.002820560400816463
2025-11-17,6734.25,6758.0,6684.25,0.0035267475962430517,True,,-0.010912992009470268
2025-11-18,6656.75,6626.5,6649.0,-0.004544259586134358,False,no_signal,
2025-11-19,6642.5,6698.0,6665.5,0.008355287918705212,True,,-0.004852194684980549
2025-11-20,6765.0,6783.75,6563.5,0.0027716186252770836,True,,-0.032467293163810584
2025-11-21,6581.5,6561.75,6621.5,-0.003000835675757818,False,no_signal,
2025-11-24,6657.75,6686.0,6729.5,0.004243175246892772,True,,0.006506132216572036
2025-11-25,6716.5,6716.0,6787.75,-7.444353457897179e-05,False,no_signal,
2025-11-26,6805.0,6810.25,6831.75,0.0007714915503307385,False,no_signal,
2025-12-01,6813.5,6823.75,6825.5,0.001504366331547713,False,no_signal,
2025-12-02,6844.25,6840.5,6840.25,-0.0005479051758775499,False,no_signal,
2025-12-03,6829.25,6840.25,6861.0,0.0016107186001390605,False,no_signal,
2025-12-04,6876.25,6859.0,6860.5,-0.002508634793673914,False,no_signal,
2025-12-05,6875.25,6899.75,6872.0,0.0035635067815715793,True,,-0.004021884850900381
2025-12-08,6885.75,6864.75,6844.5,-0.0030497767127763975,False,no_signal,
2025-12-09,6850.5,6861.0,6847.5,0.0015327348368732174,False,no_signal,
2025-12-10,6843.5,6847.5,6898.75,0.0005844962373053875,False,no_signal,
2025-12-11,6868.0,6879.5,6903.0,0.001674432149097349,False,no_signal,
2025-12-12,6896.25,6851.0,6827.75,-0.006561537067246714,False,no_signal,
2025-12-15,6871.0,6811.75,6822.75,-0.008623198952117606,False,no_signal,
2025-12-16,6805.25,6789.75,6810.75,-0.002277653282392267,False,no_signal,
2025-12-17,6810.0,6800.75,6729.5,-0.001358296622613775,False,no_signal,
2025-12-18,6787.25,6801.5,6784.75,0.002099524844377365,False,no_signal,
2025-12-22,6921.75,6920.0,6931.5,-0.0002528262361397582,False,no_signal,
2025-12-23,6919.25,6933.0,6961.25,0.00198720959641574,False,no_signal,
2025-12-26,6983.5,6984.0,6977.75,7.159733657902123e-05,False,no_signal,
2025-12-29,6951.25,6955.0,6953.25,0.0005394713181081645,False,no_signal,
2025-12-30,6949.75,6944.25,6947.75,-0.000791395373934356,False,no_signal,
2025-12-31,6945.25,6927.75,6898.25,-0.002519707713905195,False,no_signal,
2026-01-02,6927.75,6894.0,6893.0,-0.004871711594673589,False,no_signal,
2026-01-05,6934.25,6954.25,6941.5,0.002884234055593682,True,,-0.0018334112233526767
2026-01-06,6946.75,6975.25,6990.5,0.004102637924209063,True,,0.0021863015662522134
2026-01-07,6989.0,6983.75,6965.0,-0.0007511804263843347,False,no_signal,
2026-01-08,6953.75,6962.5,6964.0,0.0012583138594284282,False,no_signal,
2026-01-09,6970.25,6996.25,7009.75,0.0037301388042034755,True,,0.0019296051456136887
2026-01-12,6969.5,6999.25,7020.5,0.004268598895186271,True,,0.003036039575668781
2026-01-13,7018.5,6989.75,6998.0,-0.004096316876825545,False,no_signal,
2026-01-14,6972.25,6949.5,6960.0,-0.003262935207429485,False,no_signal,
2026-01-15,7009.0,7002.25,6981.75,-0.0009630475103438174,False,no_signal,
2026-01-16,6996.5,6976.0,6984.0,-0.0029300364467947926,False,no_signal,
2026-01-20,6871.75,6895.5,6825.0,0.003456179284752725,True,,-0.010224059169023247
2026-01-21,6852.75,6886.75,6910.5,0.004961511801831353,True,,0.0034486513957963094
2026-01-22,6956.0,6941.25,6945.0,-0.0021204715353650982,False,no_signal,
2026-01-23,6935.0,6947.0,6944.5,0.0017303532804613386,False,no_signal,
2026-01-26,6957.75,6979.0,6983.5,0.0030541482519492735,True,,0.00064479151740926
2026-01-27,6994.25,7000.5,7009.75,0.0008935911641705374,False,no_signal,
2026-01-28,7022.75,7017.25,7010.0,-0.0007831689865080982,False,no_signal,
2026-01-29,7015.0,6940.25,6987.75,-0.010655737704918011,False,no_signal,
2026-01-30,6966.25,6962.0,6961.5,-0.0006100843351874996,False,no_signal,
2026-02-02,6943.5,6994.75,7002.0,0.007381003816518961,True,,0.001036491654455185
2026-02-03,7009.5,6968.25,6940.25,-0.005884870532848252,False,no_signal,
2026-02-04,6949.25,6944.75,6910.25,-0.000647551894089271,False,no_signal,
2026-02-05,6853.5,6810.0,6814.75,-0.006347121908513942,False,no_signal,
2026-02-06,6856.25,6898.5,6962.5,0.006162260711030099,True,,0.009277379140392839
2026-02-09,6935.5,6960.75,6984.5,0.0036406892076994435,True,,0.00341198865064829
2026-02-10,6989.75,6999.75,6963.75,0.001430666332844499,False,no_signal,
2026-02-11,7003.75,6936.5,6967.0,-0.00960199892914515,False,no_signal,
2026-02-12,6981.5,6969.75,6855.5,-0.0016830194084366257,False,no_signal,
2026-02-13,6851.5,6864.25,6849.0,0.0018609063708676654,False,no_signal,
2026-02-17,6835.0,6806.5,6858.5,-0.004169714703730842,False,no_signal,
2026-02-18,6873.75,6912.75,6904.0,0.005673758865248235,True,,-0.0012657770062565188
2026-02-19,6870.75,6871.5,6872.0,0.00010915838882219475,False,no_signal,
2026-02-20,6852.75,6899.0,6919.0,0.00674911531866762,True,,0.0028989708653428536
2026-02-23,6908.0,6874.5,6840.0,-0.004849449913144177,False,no_signal,
2026-02-24,6847.5,6892.25,6907.75,0.006535231836436672,True,,0.002248902753092308
2026-02-25,6930.5,6940.0,6963.5,0.0013707524709616337,False,no_signal,
2026-02-26,6961.0,6884.0,6918.0,-0.011061629076282165,False,no_signal,
2026-02-27,6855.75,6870.25,6881.25,0.0021150129453377797,False,no_signal,
2026-03-02,6811.0,6858.5,6891.75,0.00697401262663333,True,,0.004847998833564127
2026-03-03,6772.75,6720.75,6824.0,-0.0076778265844745786,False,no_signal,
2026-03-04,6838.75,6884.25,6882.0,0.006653262657649428,True,,-0.00032683298834290664
2026-03-05,6842.25,6829.75,6834.5,-0.001826884431290865,False,no_signal,
2026-03-06,6752.25,6759.75,6744.5,0.001110740864156412,False,no_signal,
2026-03-09,6681.5,6657.75,6790.0,-0.003554591034947263,False,no_signal,
2026-03-10,6795.0,6794.0,6785.0,-0.00014716703458428348,False,no_signal,
2026-03-11,6792.5,6778.25,6780.25,-0.00209790209790206,False,no_signal,
2026-03-12,6726.75,6696.0,6684.25,-0.004571301148400098,False,no_signal,
2026-03-13,6706.5,6702.5,6633.75,-0.0005964362931484279,False,no_signal,
2026-03-16,6697.25,6716.5,6699.75,0.0028743140841389625,True,,-0.0024938584083972204
2026-03-17,6736.75,6738.75,6725.25,0.0002968790588933068,False,no_signal,
2026-03-18,6695.25,6671.25,6630.75,-0.003584630895037577,False,no_signal,
2026-03-19,6579.25,6573.5,6608.5,-0.0008739597978493219,False,no_signal,
2026-03-23,6658.0,6688.25,6645.25,0.004543406428356933,True,,-0.006429185511905189
2026-03-24,6589.25,6600.25,6603.5,0.0016693857419280977,False,no_signal,
2026-03-25,6661.75,6656.75,6640.75,-0.0007505535332307245,False,no_signal,
2026-03-26,6593.0,6609.25,6522.0,0.00246473532534508,False,no_signal,
2026-03-27,6494.75,6459.5,6407.75,-0.005427460641287185,False,no_signal,
2026-03-30,6467.75,6426.0,6388.25,-0.00645510417069306,False,no_signal,
2026-03-31,6457.25,6492.5,6566.25,0.005458980216036302,True,,0.01135926068540627
2026-04-01,6606.25,6618.5,6619.5,0.0018543046357615278,False,no_signal,
2026-04-02,6527.75,6567.75,6618.5,0.0061276856497261,True,,0.007727151612043626
2026-04-06,6621.75,6648.25,6646.75,0.0040019632272434436,True,,-0.0002256232843229622
2026-04-07,6629.5,6606.75,6647.25,-0.0034316313447469993,False,no_signal,
2026-04-08,6829.5,6806.5,6817.25,-0.0033677428801522913,False,no_signal,
2026-04-09,6812.75,6806.75,6868.75,-0.0008807016256283662,False,no_signal,
2026-04-10,6875.0,6877.75,6850.75,0.00039999999999995595,False,no_signal,
2026-04-13,6834.75,6857.25,6918.5,0.0032920004389334068,True,,0.008932152101789992
2026-04-14,6937.75,6971.5,6997.75,0.00486468956073649,True,,0.0037653302732554295
2026-04-15,7014.25,7031.0,7060.25,0.002387995865559489,False,no_signal,
2026-04-16,7071.5,7052.5,7078.0,-0.002686841547055119,False,no_signal,
2026-04-17,7121.25,7153.5,7163.0,0.004528699315429208,True,,0.0013280212483399723
2026-04-20,7148.25,7149.75,7141.0,0.00020984156961501021,False,no_signal,
2026-04-21,7162.5,7165.5,7096.25,0.00041884816753934295,False,no_signal,
2026-04-22,7150.25,7164.25,7168.75,0.00195797349743021,False,no_signal,
2026-04-23,7152.25,7163.0,7137.75,0.0015030235240658385,False,no_signal,
2026-04-24,7162.5,7154.0,7196.25,-0.001186736474694583,False,no_signal,
2026-04-27,7186.25,7189.25,7206.75,0.0004174639067664465,False,no_signal,
2026-04-28,7172.0,7166.5,7171.5,-0.0007668711656442229,False,no_signal,
2026-04-29,7163.25,7168.25,7163.75,0.0006980071894739925,False,no_signal,
