skipped,skip_reason,pnl,pop_computed,date
True,pop_below_threshold,0.0,0.19269547918400498,2021-05-03
True,pop_below_threshold,0.0,0.19897508103304412,2021-05-04
True,pop_below_threshold,0.0,0.18442226536813044,2021-05-05
True,pop_below_threshold,0.0,0.18892638451554644,2021-05-06
True,pop_below_threshold,0.0,0.1930306778963516,2021-05-07
True,pop_below_threshold,0.0,0.21552802110143598,2021-05-10
True,pop_below_threshold,0.0,0.18451293404966373,2021-05-11
True,pop_below_threshold,0.0,0.16313288521148367,2021-05-12
True,pop_below_threshold,0.0,0.11891373466135874,2021-05-13
True,pop_below_threshold,0.0,0.149904623382359,2021-05-14
True,pop_below_threshold,0.0,0.19273801580124783,2021-05-17
True,pop_below_threshold,0.0,0.1813257006087982,2021-05-18
True,pop_below_threshold,0.0,0.16959955459485898,2021-05-19
True,pop_below_threshold,0.0,0.15829694757155088,2021-05-20
True,pop_below_threshold,0.0,0.17093290349449974,2021-05-21
True,pop_below_threshold,0.0,0.17562403843549212,2021-05-24
True,pop_below_threshold,0.0,0.1952269550381156,2021-05-25
True,pop_below_threshold,0.0,0.18967974794981268,2021-05-26
True,pop_below_threshold,0.0,0.20770762825483524,2021-05-27
True,pop_below_threshold,0.0,0.21629170392688324,2021-05-28
True,pop_below_threshold,0.0,0.21620016673772735,2021-06-01
True,pop_below_threshold,0.0,0.2003184348049854,2021-06-02
True,pop_below_threshold,0.0,0.20772547909114297,2021-06-03
True,pop_below_threshold,0.0,0.19841700442512406,2021-06-04
True,pop_below_threshold,0.0,0.21982844539320068,2021-06-07
True,pop_below_threshold,0.0,0.22005332613970974,2021-06-08
True,pop_below_threshold,0.0,0.2104551226328057,2021-06-09
True,pop_below_threshold,0.0,0.1983779016570661,2021-06-10
True,pop_below_threshold,0.0,0.2231600047402149,2021-06-11
True,pop_below_threshold,0.0,0.2309563938661206,2021-06-14
True,pop_below_threshold,0.0,0.21911006573483982,2021-06-15
True,pop_below_threshold,0.0,0.20963760746650995,2021-06-16
True,pop_below_threshold,0.0,0.1969908633946268,2021-06-17
True,pop_below_threshold,0.0,0.16969162206813748,2021-06-21
True,pop_below_threshold,0.0,0.2005138183425409,2021-06-22
True,pop_below_threshold,0.0,0.2156666396181604,2021-06-23
True,pop_below_threshold,0.0,0.3055575982320464,2021-06-24
True,pop_below_threshold,0.0,0.22388113103075674,2021-06-25
True,pop_below_threshold,0.0,0.2293909391122474,2021-06-28
True,pop_below_threshold,0.0,0.22649099389373167,2021-06-29
True,pop_below_threshold,0.0,0.22160738627083776,2021-06-30
True,pop_below_threshold,0.0,0.2238908461542118,2021-07-01
True,pop_below_threshold,0.0,0.2275801740721891,2021-07-02
True,pop_below_threshold,0.0,0.23494887648628993,2021-07-06
True,pop_below_threshold,0.0,0.2138014846258776,2021-07-07
True,pop_below_threshold,0.0,0.3053622535535594,2021-07-08
True,pop_below_threshold,0.0,0.18066231756407825,2021-07-09
True,pop_below_threshold,0.0,0.21447076559053685,2021-07-12
True,pop_below_threshold,0.0,0.21530736207720136,2021-07-13
True,pop_below_threshold,0.0,0.20223544988065367,2021-07-14
True,pop_below_threshold,0.0,0.21431546968077625,2021-07-15
True,pop_below_threshold,0.0,0.20578085110498895,2021-07-16
True,pop_below_threshold,0.0,0.19170556780368087,2021-07-19
True,pop_below_threshold,0.0,0.1482059798044978,2021-07-20
True,pop_below_threshold,0.0,0.1725980632870749,2021-07-21
True,pop_below_threshold,0.0,0.19328278036448604,2021-07-22
True,pop_below_threshold,0.0,0.1938041203386841,2021-07-23
True,pop_below_threshold,0.0,0.19978665491083303,2021-07-26
True,pop_below_threshold,0.0,0.1946215675283952,2021-07-27
True,pop_below_threshold,0.0,0.17415721040894927,2021-07-28
True,pop_below_threshold,0.0,0.18481232319143992,2021-07-29
True,pop_below_threshold,0.0,0.1937595674090603,2021-07-30
True,pop_below_threshold,0.0,0.18617884159713938,2021-08-02
True,pop_below_threshold,0.0,0.17391981101644505,2021-08-03
True,pop_below_threshold,0.0,0.18914903473877326,2021-08-04
True,pop_below_threshold,0.0,0.18966091839410865,2021-08-05
True,pop_below_threshold,0.0,0.19753461890465362,2021-08-06
True,pop_below_threshold,0.0,0.2133272666355263,2021-08-09
True,pop_below_threshold,0.0,0.2036442388757106,2021-08-10
True,pop_below_threshold,0.0,0.20247962089821103,2021-08-11
True,pop_below_threshold,0.0,0.21230632180674874,2021-08-12
True,pop_below_threshold,0.0,0.2198805562920128,2021-08-13
True,pop_below_threshold,0.0,0.2218501018995278,2021-08-16
True,pop_below_threshold,0.0,0.21126639483077014,2021-08-17
True,pop_below_threshold,0.0,0.18793946083126056,2021-08-18
True,pop_below_threshold,0.0,0.1523038950200764,2021-08-19
True,pop_below_threshold,0.0,0.1499835511186604,2021-08-20
True,pop_below_threshold,0.0,0.17973820390329248,2021-08-23
True,pop_below_threshold,0.0,0.19627726730155642,2021-08-24
True,pop_below_threshold,0.0,0.19509695452988762,2021-08-25
True,pop_below_threshold,0.0,0.20123609895132,2021-08-26
True,pop_below_threshold,0.0,0.1753689219047559,2021-08-27
True,pop_below_threshold,0.0,0.286993532300451,2021-08-30
True,pop_below_threshold,0.0,0.2908474895190419,2021-08-31
True,pop_below_threshold,0.0,0.20301943943321477,2021-09-01
True,pop_below_threshold,0.0,0.20751193894491865,2021-09-02
True,pop_below_threshold,0.0,0.20339698139271545,2021-09-03
True,pop_below_threshold,0.0,0.20389515599776314,2021-09-07
True,pop_below_threshold,0.0,0.18274446935681232,2021-09-08
True,pop_below_threshold,0.0,0.18385522410731098,2021-09-09
True,pop_below_threshold,0.0,0.17598675868891966,2021-09-10
True,pop_below_threshold,0.0,0.15523613345441772,2021-09-13
True,pop_below_threshold,0.0,0.17111514195470734,2021-09-14
True,pop_below_threshold,0.0,0.17092369437642851,2021-09-15
True,pop_below_threshold,0.0,0.18452184309671543,2021-09-16
True,pop_below_threshold,0.0,0.16123280664806605,2021-09-20
True,pop_below_threshold,0.0,0.1215887397840485,2021-09-21
True,pop_below_threshold,0.0,0.1300174180701666,2021-09-22
True,pop_below_threshold,0.0,0.15702818383259048,2021-09-23
True,pop_below_threshold,0.0,0.18054394966783055,2021-09-24
True,pop_below_threshold,0.0,0.19027342140717973,2021-09-27
True,pop_below_threshold,0.0,0.18228802847854286,2021-09-28
True,pop_below_threshold,0.0,0.139318272113156,2021-09-29
True,pop_below_threshold,0.0,0.14540342093400727,2021-09-30
True,pop_below_threshold,0.0,0.14382160467984073,2021-10-01
True,pop_below_threshold,0.0,0.16072199162309864,2021-10-04
True,pop_below_threshold,0.0,0.1427636061638594,2021-10-05
True,pop_below_threshold,0.0,0.22875750489513313,2021-10-06
True,pop_below_threshold,0.0,0.15661260533081867,2021-10-07
True,pop_below_threshold,0.0,0.17215690320757626,2021-10-08
True,pop_below_threshold,0.0,0.18023909150873513,2021-10-11
True,pop_below_threshold,0.0,0.16921358617527305,2021-10-12
True,pop_below_threshold,0.0,0.17250296143003752,2021-10-13
True,pop_below_threshold,0.0,0.18101632998040196,2021-10-14
True,pop_below_threshold,0.0,0.20178931716370463,2021-10-15
True,pop_below_threshold,0.0,0.20911292139996907,2021-10-18
True,pop_below_threshold,0.0,0.20694624590885713,2021-10-19
True,pop_below_threshold,0.0,0.21324069384026162,2021-10-20
True,pop_below_threshold,0.0,0.21664420069044216,2021-10-21
True,pop_below_threshold,0.0,0.22383771974323285,2021-10-22
True,pop_below_threshold,0.0,0.21726937457337037,2021-10-25
True,pop_below_threshold,0.0,0.21859948688307657,2021-10-26
True,pop_below_threshold,0.0,0.2083018432177799,2021-10-27
True,pop_below_threshold,0.0,0.19375410520676595,2021-10-28
True,pop_below_threshold,0.0,0.20049036614546245,2021-10-29
True,pop_below_threshold,0.0,0.20211865214632618,2021-11-01
True,pop_below_threshold,0.0,0.19989812643257776,2021-11-02
True,pop_below_threshold,0.0,0.2053067565045964,2021-11-03
True,pop_below_threshold,0.0,0.2163377587461054,2021-11-04
True,pop_below_threshold,0.0,0.29317006523791767,2021-11-05
True,pop_below_threshold,0.0,0.19484920664388694,2021-11-08
True,pop_below_threshold,0.0,0.1863365275654708,2021-11-09
True,pop_below_threshold,0.0,0.17937239496243212,2021-11-10
True,pop_below_threshold,0.0,0.16992832714305134,2021-11-11
True,pop_below_threshold,0.0,0.18147489308160497,2021-11-12
True,pop_below_threshold,0.0,0.1985028725050153,2021-11-15
True,pop_below_threshold,0.0,0.19507933730247085,2021-11-16
True,pop_below_threshold,0.0,0.27761969323534064,2021-11-17
True,pop_below_threshold,0.0,0.18800789307254878,2021-11-18
True,pop_below_threshold,0.0,0.18111190079304063,2021-11-19
True,pop_below_threshold,0.0,0.17535558573297572,2021-11-22
True,pop_below_threshold,0.0,0.16381298078542722,2021-11-23
True,pop_below_threshold,0.0,0.16162829880253993,2021-11-24
True,pop_below_threshold,0.0,0.14620176812974073,2021-11-29
True,pop_below_threshold,0.0,0.1311764026955476,2021-11-30
True,pop_below_threshold,0.0,0.1028417143789101,2021-12-01
True,pop_below_threshold,0.0,0.08491556757642937,2021-12-02
True,pop_below_threshold,0.0,0.1007912387471594,2021-12-03
True,pop_below_threshold,0.0,0.08605908609659335,2021-12-06
True,pop_below_threshold,0.0,0.10120468094621704,2021-12-07
True,pop_below_threshold,0.0,0.13813319137608665,2021-12-08
True,pop_below_threshold,0.0,0.15619804433021678,2021-12-09
True,pop_below_threshold,0.0,0.14000494595680785,2021-12-10
True,pop_below_threshold,0.0,0.16881054612910124,2021-12-13
True,pop_below_threshold,0.0,0.15357945418449753,2021-12-14
True,pop_below_threshold,0.0,0.14027150597187132,2021-12-15
True,pop_below_threshold,0.0,0.16071494131840447,2021-12-16
True,pop_below_threshold,0.0,0.14669591719692937,2021-12-20
True,pop_below_threshold,0.0,0.13398417612286545,2021-12-21
True,pop_below_threshold,0.0,0.14670959793005373,2021-12-22
True,pop_below_threshold,0.0,0.16771008633316864,2021-12-23
True,pop_below_threshold,0.0,0.1737455764436298,2021-12-27
True,pop_below_threshold,0.0,0.17540730940984683,2021-12-28
True,pop_below_threshold,0.0,0.17801263783247945,2021-12-29
True,pop_below_threshold,0.0,0.18448626063583284,2021-12-30
True,pop_below_threshold,0.0,0.1801653070902588,2021-12-31
True,pop_below_threshold,0.0,0.1819098380679715,2022-01-03
True,pop_below_threshold,0.0,0.1880163430953905,2022-01-04
True,pop_below_threshold,0.0,0.18515610983526132,2022-01-05
True,pop_below_threshold,0.0,0.1575224705317385,2022-01-06
True,pop_below_threshold,0.0,0.15930614658154385,2022-01-07
True,pop_below_threshold,0.0,0.17198970755371823,2022-01-10
True,pop_below_threshold,0.0,0.16268962362902212,2022-01-11
True,pop_below_threshold,0.0,0.16973613317301645,2022-01-12
True,pop_below_threshold,0.0,0.1795008129145147,2022-01-13
True,pop_below_threshold,0.0,0.1539850167431343,2022-01-14
True,pop_below_threshold,0.0,0.16705935712163722,2022-01-18
True,pop_below_threshold,0.0,0.13467331570332436,2022-01-19
True,pop_below_threshold,0.0,0.12661421938089495,2022-01-20
True,pop_below_threshold,0.0,0.11951350369072972,2022-01-21
True,pop_below_threshold,0.0,0.1049831544740108,2022-01-24
True,pop_below_threshold,0.0,0.09805521970076159,2022-01-25
True,pop_below_threshold,0.0,0.0895779029198257,2022-01-26
True,pop_below_threshold,0.0,0.08648247838720696,2022-01-27
True,pop_below_threshold,0.0,0.09565439568435874,2022-01-28
True,pop_below_threshold,0.0,0.10617774416907605,2022-01-31
True,pop_below_threshold,0.0,0.12263021825216547,2022-02-01
True,pop_below_threshold,0.0,0.142636958331451,2022-02-02
True,pop_below_threshold,0.0,0.1420622548914529,2022-02-03
True,pop_below_threshold,0.0,0.1880757939842957,2022-02-04
True,pop_below_threshold,0.0,0.13415504910122666,2022-02-07
True,pop_below_threshold,0.0,0.13841710899030724,2022-02-08
True,pop_below_threshold,0.0,0.14634304137639154,2022-02-09
True,pop_below_threshold,0.0,0.16026502510395835,2022-02-10
True,pop_below_threshold,0.0,0.1288478378995142,2022-02-11
True,pop_below_threshold,0.0,0.10994050952882639,2022-02-14
True,pop_below_threshold,0.0,0.1022076164877892,2022-02-15
True,pop_below_threshold,0.0,0.11873972505954578,2022-02-16
True,pop_below_threshold,0.0,0.12986958549149086,2022-02-17
True,pop_below_threshold,0.0,0.10628768580626863,2022-02-18
True,pop_below_threshold,0.0,0.10890432163479502,2022-02-22
True,pop_below_threshold,0.0,0.10537262027072991,2022-02-23
True,pop_below_threshold,0.0,0.09841575669974623,2022-02-24
True,pop_below_threshold,0.0,0.09615167253228823,2022-02-25
True,pop_below_threshold,0.0,0.11077108338272151,2022-02-28
True,pop_below_threshold,0.0,0.09596353268203045,2022-03-01
True,pop_below_threshold,0.0,0.08150921540042377,2022-03-02
True,pop_below_threshold,0.0,0.09203831989429012,2022-03-03
True,pop_below_threshold,0.0,0.09601427327234036,2022-03-04
True,pop_below_threshold,0.0,0.09016086959400194,2022-03-07
True,pop_below_threshold,0.0,0.07471714862063994,2022-03-08
True,pop_below_threshold,0.0,0.07680355891405255,2022-03-09
True,pop_below_threshold,0.0,0.08899613107434656,2022-03-10
True,pop_below_threshold,0.0,0.09880766117113249,2022-03-11
True,pop_below_threshold,0.0,0.097093537444778,2022-03-14
True,pop_below_threshold,0.0,0.09248641965661175,2022-03-15
True,pop_below_threshold,0.0,0.09815580229322718,2022-03-16
True,pop_below_threshold,0.0,0.11508543333061533,2022-03-17
True,pop_below_threshold,0.0,0.13167498543280848,2022-03-21
True,pop_below_threshold,0.0,0.1319483604432864,2022-03-22
True,pop_below_threshold,0.0,0.13705034607245214,2022-03-23
True,pop_below_threshold,0.0,0.13299269858984836,2022-03-24
True,pop_below_threshold,0.0,0.14600822246441125,2022-03-25
True,pop_below_threshold,0.0,0.15325481573176902,2022-03-28
True,pop_below_threshold,0.0,0.16249068618911927,2022-03-29
True,pop_below_threshold,0.0,0.16954709048778288,2022-03-30
True,pop_below_threshold,0.0,0.16619172162862605,2022-03-31
True,pop_below_threshold,0.0,0.15620306191864802,2022-04-01
True,pop_below_threshold,0.0,0.16407758038727682,2022-04-04
True,pop_below_threshold,0.0,0.17568619574255218,2022-04-05
True,pop_below_threshold,0.0,0.15452846032599576,2022-04-06
True,pop_below_threshold,0.0,0.14462118907244093,2022-04-07
True,pop_below_threshold,0.0,0.14884603953591885,2022-04-08
True,pop_below_threshold,0.0,0.15439180210787046,2022-04-11
True,pop_below_threshold,0.0,0.12745625876731725,2022-04-12
True,pop_below_threshold,0.0,0.13015058583269845,2022-04-13
True,pop_below_threshold,0.0,0.14902563668705116,2022-04-14
True,pop_below_threshold,0.0,0.14247296366667794,2022-04-18
True,pop_below_threshold,0.0,0.14521116227276232,2022-04-19
True,pop_below_threshold,0.0,0.15119781628110446,2022-04-20
True,pop_below_threshold,0.0,0.15974108648113255,2022-04-21
True,pop_below_threshold,0.0,0.14530042506170077,2022-04-22
True,pop_below_threshold,0.0,0.110763971208797,2022-04-25
True,pop_below_threshold,0.0,0.11803107634166587,2022-04-26
True,pop_below_threshold,0.0,0.08645174709293435,2022-04-27
True,pop_below_threshold,0.0,0.09433961915967948,2022-04-28
True,pop_below_threshold,0.0,0.10151846877426474,2022-04-29
True,pop_below_threshold,0.0,0.08747328795158948,2022-05-02
True,pop_below_threshold,0.0,0.09189750730863527,2022-05-03
True,pop_below_threshold,0.0,0.10766368509729068,2022-05-04
True,pop_below_threshold,0.0,0.13044008781123462,2022-05-05
True,pop_below_threshold,0.0,0.09964279272010113,2022-05-06
True,pop_below_threshold,0.0,0.10753022211934232,2022-05-09
True,pop_below_threshold,0.0,0.08597529602667459,2022-05-10
True,pop_below_threshold,0.0,0.09348671635456773,2022-05-11
True,pop_below_threshold,0.0,0.0995865114847474,2022-05-12
True,pop_below_threshold,0.0,0.10000416645910354,2022-05-13
True,pop_below_threshold,0.0,0.11521549588152397,2022-05-16
True,pop_below_threshold,0.0,0.12259967088998686,2022-05-17
True,pop_below_threshold,0.0,0.13346233179582379,2022-05-18
True,pop_below_threshold,0.0,0.10859691504714364,2022-05-19
True,pop_below_threshold,0.0,0.11688817800681711,2022-05-20
True,pop_below_threshold,0.0,0.11519141446706677,2022-05-23
True,pop_below_threshold,0.0,0.12293839809680174,2022-05-24
True,pop_below_threshold,0.0,0.11405768520018933,2022-05-25
True,pop_below_threshold,0.0,0.11745530479576571,2022-05-26
True,pop_below_threshold,0.0,0.17821384240588684,2022-05-27
True,pop_below_threshold,0.0,0.19343527755146012,2022-05-31
True,pop_below_threshold,0.0,0.12838011754708012,2022-06-01
True,pop_below_threshold,0.0,0.13303695945898303,2022-06-02
True,pop_below_threshold,0.0,0.13814325331679894,2022-06-03
True,pop_below_threshold,0.0,0.13610846147180733,2022-06-06
True,pop_below_threshold,0.0,0.1357739351108096,2022-06-07
True,pop_below_threshold,0.0,0.14250756795382968,2022-06-08
True,pop_below_threshold,0.0,0.14491731352827408,2022-06-09
True,pop_below_threshold,0.0,0.13825683233073088,2022-06-10
True,pop_below_threshold,0.0,0.13292919505243034,2022-06-13
True,pop_below_threshold,0.0,0.09977148339245612,2022-06-14
True,pop_below_threshold,0.0,0.158563051355456,2022-06-15
True,pop_below_threshold,0.0,0.12522130449765567,2022-06-16
True,pop_below_threshold,0.0,0.11303207637382373,2022-06-21
True,pop_below_threshold,0.0,0.1173846200295306,2022-06-22
True,pop_below_threshold,0.0,0.12489614062501392,2022-06-23
True,pop_below_threshold,0.0,0.1198982132945286,2022-06-24
True,pop_below_threshold,0.0,0.19252171848642263,2022-06-27
True,pop_below_threshold,0.0,0.13175079739980927,2022-06-28
True,pop_below_threshold,0.0,0.12649803675821458,2022-06-29
True,pop_below_threshold,0.0,0.1311511549403802,2022-06-30
True,pop_below_threshold,0.0,0.12700115684360064,2022-07-01
True,pop_below_threshold,0.0,0.14050059314330043,2022-07-05
True,pop_below_threshold,0.0,0.1313449680476842,2022-07-06
True,pop_below_threshold,0.0,0.13449979231074016,2022-07-07
True,pop_below_threshold,0.0,0.1380725750406545,2022-07-08
True,pop_below_threshold,0.0,0.15131025869253395,2022-07-11
True,pop_below_threshold,0.0,0.14025191812369897,2022-07-12
True,pop_below_threshold,0.0,0.13551617774776642,2022-07-13
True,pop_below_threshold,0.0,0.14117277415865753,2022-07-14
True,pop_below_threshold,0.0,0.13814891291916115,2022-07-15
True,pop_below_threshold,0.0,0.15287412471219647,2022-07-18
True,pop_below_threshold,0.0,0.1439902197130991,2022-07-19
True,pop_below_threshold,0.0,0.14775186574425903,2022-07-20
True,pop_below_threshold,0.0,0.15333309429452818,2022-07-21
True,pop_below_threshold,0.0,0.15662296940922366,2022-07-22
True,pop_below_threshold,0.0,0.15919746442836707,2022-07-25
True,pop_below_threshold,0.0,0.15760172318560706,2022-07-26
True,pop_below_threshold,0.0,0.145326649528572,2022-07-27
True,pop_below_threshold,0.0,0.15545827118696737,2022-07-28
True,pop_below_threshold,0.0,0.15789782043191625,2022-07-29
True,pop_below_threshold,0.0,0.16747982721323051,2022-08-01
True,pop_below_threshold,0.0,0.15422298578997384,2022-08-02
True,pop_below_threshold,0.0,0.1440431674061905,2022-08-03
True,pop_below_threshold,0.0,0.16020917975044513,2022-08-04
True,pop_below_threshold,0.0,0.16487861408100235,2022-08-05
True,pop_below_threshold,0.0,0.1659732145897163,2022-08-08
True,pop_below_threshold,0.0,0.16733632920531966,2022-08-09
True,pop_below_threshold,0.0,0.1599454686971331,2022-08-10
True,pop_below_threshold,0.0,0.17653647459803334,2022-08-11
True,pop_below_threshold,0.0,0.1727733264435682,2022-08-12
True,pop_below_threshold,0.0,0.17818146115822736,2022-08-15
True,pop_below_threshold,0.0,0.17319539420225594,2022-08-16
True,pop_below_threshold,0.0,0.17599742834554466,2022-08-17
True,pop_below_threshold,0.0,0.174013849186072,2022-08-18
True,pop_below_threshold,0.0,0.17921621829260814,2022-08-19
True,pop_below_threshold,0.0,0.1727523995917602,2022-08-22
True,pop_below_threshold,0.0,0.14439895782118262,2022-08-23
True,pop_below_threshold,0.0,0.14205048855667562,2022-08-24
True,pop_below_threshold,0.0,0.1506535907356924,2022-08-25
True,pop_below_threshold,0.0,0.16089079751605173,2022-08-26
True,pop_below_threshold,0.0,0.13566543914813833,2022-08-29
True,pop_below_threshold,0.0,0.13252613562446308,2022-08-30
True,pop_below_threshold,0.0,0.13340493096038675,2022-08-31
True,pop_below_threshold,0.0,0.13838194578251073,2022-09-01
True,pop_below_threshold,0.0,0.13729786607738925,2022-09-02
True,pop_below_threshold,0.0,0.14252532777529836,2022-09-06
True,pop_below_threshold,0.0,0.13143211317117093,2022-09-07
True,pop_below_threshold,0.0,0.14502238072065093,2022-09-08
True,pop_below_threshold,0.0,0.15015047221677308,2022-09-09
True,pop_below_threshold,0.0,0.15395377638564045,2022-09-12
True,pop_below_threshold,0.0,0.15050372730291423,2022-09-13
True,pop_below_threshold,0.0,0.1291418016726421,2022-09-14
True,pop_below_threshold,0.0,0.1364940572032382,2022-09-15
True,pop_below_threshold,0.0,0.13734165439957013,2022-09-19
True,pop_below_threshold,0.0,0.14203684001794337,2022-09-20
True,pop_below_threshold,0.0,0.13079982813471713,2022-09-21
True,pop_below_threshold,0.0,0.13058928802247782,2022-09-22
True,pop_below_threshold,0.0,0.13811170940624984,2022-09-23
True,pop_below_threshold,0.0,0.12160971615931976,2022-09-26
True,pop_below_threshold,0.0,0.11015413300604676,2022-09-27
True,pop_below_threshold,0.0,0.10868257921292751,2022-09-28
True,pop_below_threshold,0.0,0.12397642616190407,2022-09-29
True,pop_below_threshold,0.0,0.11404911487134928,2022-09-30
True,pop_below_threshold,0.0,0.1148010251449349,2022-10-03
True,pop_below_threshold,0.0,0.11792550313912237,2022-10-04
True,pop_below_threshold,0.0,0.18676871088345554,2022-10-05
True,pop_below_threshold,0.0,0.1281557012447052,2022-10-06
True,pop_below_threshold,0.0,0.11989361604527038,2022-10-07
True,pop_below_threshold,0.0,0.11714092013696803,2022-10-10
True,pop_below_threshold,0.0,0.1709774372651892,2022-10-11
True,pop_below_threshold,0.0,0.10726035246897175,2022-10-12
True,pop_below_threshold,0.0,0.11038474230269818,2022-10-13
True,pop_below_threshold,0.0,0.1142502336989466,2022-10-14
True,pop_below_threshold,0.0,0.11176920946343222,2022-10-17
True,pop_below_threshold,0.0,0.11291239866700209,2022-10-18
True,pop_below_threshold,0.0,0.11786566689287653,2022-10-19
True,pop_below_threshold,0.0,0.11621759184545705,2022-10-20
True,pop_below_threshold,0.0,0.12279378740745689,2022-10-21
True,pop_below_threshold,0.0,0.12118217284695065,2022-10-24
True,pop_below_threshold,0.0,0.11671758412643596,2022-10-25
True,pop_below_threshold,0.0,0.1241508903914561,2022-10-26
True,pop_below_threshold,0.0,0.13160582971665125,2022-10-27
True,pop_below_threshold,0.0,0.19347964391343186,2022-10-28
True,pop_below_threshold,0.0,0.14187749370106612,2022-10-31
True,pop_below_threshold,0.0,0.14056374963212748,2022-11-01
True,pop_below_threshold,0.0,0.14311293190093521,2022-11-02
True,pop_below_threshold,0.0,0.14763672472729494,2022-11-03
True,pop_below_threshold,0.0,0.14933551712106552,2022-11-04
True,pop_below_threshold,0.0,0.15533564872059197,2022-11-07
True,pop_below_threshold,0.0,0.15434219744284927,2022-11-08
True,pop_below_threshold,0.0,0.14626403812326239,2022-11-09
True,pop_below_threshold,0.0,0.13781588346292978,2022-11-10
True,pop_below_threshold,0.0,0.22286242257153344,2022-11-11
True,pop_below_threshold,0.0,0.16200864434030832,2022-11-14
True,pop_below_threshold,0.0,0.1501860442326588,2022-11-15
True,pop_below_threshold,0.0,0.1463211360902955,2022-11-16
True,pop_below_threshold,0.0,0.15190955939188666,2022-11-17
True,pop_below_threshold,0.0,0.15162892440143544,2022-11-18
True,pop_below_threshold,0.0,0.1591212044602905,2022-11-21
True,pop_below_threshold,0.0,0.16450365915867587,2022-11-22
True,pop_below_threshold,0.0,0.17171582405516894,2022-11-23
True,pop_below_threshold,0.0,0.18170748295316252,2022-11-28
True,pop_below_threshold,0.0,0.1658673645026441,2022-11-29
True,pop_below_threshold,0.0,0.2437737378616704,2022-11-30
True,pop_below_threshold,0.0,0.1771735624225117,2022-12-01
True,pop_below_threshold,0.0,0.18652823474695424,2022-12-02
True,pop_below_threshold,0.0,0.19592845341861997,2022-12-05
True,pop_below_threshold,0.0,0.18073881150131432,2022-12-06
True,pop_below_threshold,0.0,0.16778312804704465,2022-12-07
True,pop_below_threshold,0.0,0.1620017524184536,2022-12-08
True,pop_below_threshold,0.0,0.16602801293606462,2022-12-09
True,pop_below_threshold,0.0,0.16203408409873066,2022-12-12
True,pop_below_threshold,0.0,0.1391390064818125,2022-12-13
True,pop_below_threshold,0.0,0.15951695855275538,2022-12-14
True,pop_below_threshold,0.0,0.17963126716351435,2022-12-15
True,pop_below_threshold,0.0,0.23971368475330274,2022-12-19
True,pop_below_threshold,0.0,0.17008253214855718,2022-12-20
True,pop_below_threshold,0.0,0.17669052387878992,2022-12-21
True,pop_below_threshold,0.0,0.1952262028164709,2022-12-22
True,pop_below_threshold,0.0,0.17430240501271965,2022-12-23
True,pop_below_threshold,0.0,0.18459019300641422,2022-12-27
True,pop_below_threshold,0.0,0.17828614885484645,2022-12-28
True,pop_below_threshold,0.0,0.17269528163414138,2022-12-29
True,pop_below_threshold,0.0,0.1801154628553157,2022-12-30
True,pop_below_threshold,0.0,0.17792179057546154,2023-01-03
True,pop_below_threshold,0.0,0.16617661585666893,2023-01-04
True,pop_below_threshold,0.0,0.17531843139034498,2023-01-05
True,pop_below_threshold,0.0,0.1692422368017591,2023-01-06
True,pop_below_threshold,0.0,0.17738846456336466,2023-01-09
True,pop_below_threshold,0.0,0.1714684160233627,2023-01-10
True,pop_below_threshold,0.0,0.18223123849646178,2023-01-11
True,pop_below_threshold,0.0,0.17617949358680163,2023-01-12
True,pop_below_threshold,0.0,0.20075736868397132,2023-01-13
True,pop_below_threshold,0.0,0.2038687776450231,2023-01-17
True,pop_below_threshold,0.0,0.1927190748076787,2023-01-18
True,pop_below_threshold,0.0,0.26571609670005103,2023-01-19
True,pop_below_threshold,0.0,0.1847963534765128,2023-01-20
True,pop_below_threshold,0.0,0.18767484366262244,2023-01-23
True,pop_below_threshold,0.0,0.1881177749150032,2023-01-24
True,pop_below_threshold,0.0,0.19730461201829186,2023-01-25
True,pop_below_threshold,0.0,0.19436803111199885,2023-01-26
True,pop_below_threshold,0.0,0.19653938218521433,2023-01-27
True,pop_below_threshold,0.0,0.20035741704593613,2023-01-30
True,pop_below_threshold,0.0,0.18498398026456636,2023-01-31
True,pop_below_threshold,0.0,0.1894125141626894,2023-02-01
True,pop_below_threshold,0.0,0.20311926166907956,2023-02-02
True,pop_below_threshold,0.0,0.19198216992707623,2023-02-03
True,pop_below_threshold,0.0,0.19996169389908347,2023-02-06
True,pop_below_threshold,0.0,0.18757947772628192,2023-02-07
True,pop_below_threshold,0.0,0.1937526759855122,2023-02-08
True,pop_below_threshold,0.0,0.1836465262143151,2023-02-09
True,pop_below_threshold,0.0,0.1743308598068829,2023-02-10
True,pop_below_threshold,0.0,0.17476045347319114,2023-02-13
True,pop_below_threshold,0.0,0.1756213792255661,2023-02-14
True,pop_below_threshold,0.0,0.192823684390523,2023-02-15
True,pop_below_threshold,0.0,0.2011923302453108,2023-02-16
True,pop_below_threshold,0.0,0.18107079398765963,2023-02-17
True,pop_below_threshold,0.0,0.18516585000516206,2023-02-21
True,pop_below_threshold,0.0,0.15917489312267152,2023-02-22
True,pop_below_threshold,0.0,0.16315767112889157,2023-02-23
True,pop_below_threshold,0.0,0.1774219809023258,2023-02-24
True,pop_below_threshold,0.0,0.16912701362490068,2023-02-27
True,pop_below_threshold,0.0,0.17811702355824488,2023-02-28
True,pop_below_threshold,0.0,0.18151374040709456,2023-03-01
True,pop_below_threshold,0.0,0.183753224078956,2023-03-02
True,pop_below_threshold,0.0,0.1905185576962728,2023-03-03
True,pop_below_threshold,0.0,0.20032280495810395,2023-03-06
True,pop_below_threshold,0.0,0.20174729811312914,2023-03-07
True,pop_below_threshold,0.0,0.19220421026161016,2023-03-08
True,pop_below_threshold,0.0,0.19645884273495495,2023-03-09
True,pop_below_threshold,0.0,0.16676282620985494,2023-03-10
True,pop_below_threshold,0.0,0.15078626240193604,2023-03-13
True,pop_below_threshold,0.0,0.13398593742070491,2023-03-14
True,pop_below_threshold,0.0,0.1587559722685164,2023-03-15
True,pop_below_threshold,0.0,0.13897673793468757,2023-03-16
True,pop_below_threshold,0.0,0.13913712565425163,2023-03-20
True,pop_below_threshold,0.0,0.14778727185152213,2023-03-21
True,pop_below_threshold,0.0,0.17028263031705276,2023-03-22
True,pop_below_threshold,0.0,0.16390013076340865,2023-03-23
True,pop_below_threshold,0.0,0.162876135682695,2023-03-24
True,pop_below_threshold,0.0,0.1684582547771291,2023-03-27
True,pop_below_threshold,0.0,0.1805730155749557,2023-03-28
True,pop_below_threshold,0.0,0.18470603146993653,2023-03-29
True,pop_below_threshold,0.0,0.19275438832946162,2023-03-30
True,pop_below_threshold,0.0,0.19240889674090889,2023-03-31
True,pop_below_threshold,0.0,0.19340838896109175,2023-04-03
True,pop_below_threshold,0.0,0.19583216837250528,2023-04-04
True,pop_below_threshold,0.0,0.19234413352797464,2023-04-05
True,pop_below_threshold,0.0,0.19176280867445922,2023-04-06
True,pop_below_threshold,0.0,0.19943849542955833,2023-04-10
True,pop_below_threshold,0.0,0.270264424482316,2023-04-11
True,pop_below_threshold,0.0,0.26737473760419944,2023-04-12
True,pop_below_threshold,0.0,0.1889444202694549,2023-04-13
True,pop_below_threshold,0.0,0.20437871021639775,2023-04-14
True,pop_below_threshold,0.0,0.29883009045943076,2023-04-17
True,pop_below_threshold,0.0,0.21544759122559126,2023-04-18
True,pop_below_threshold,0.0,0.21698171029180985,2023-04-19
True,pop_below_threshold,0.0,0.2231110785103349,2023-04-20
True,pop_below_threshold,0.0,0.2124901280228726,2023-04-21
True,pop_below_threshold,0.0,0.21836858109256618,2023-04-24
True,pop_below_threshold,0.0,0.21836053918500664,2023-04-25
True,pop_below_threshold,0.0,0.19597812112275226,2023-04-26
True,pop_below_threshold,0.0,0.19438146485277252,2023-04-27
True,pop_below_threshold,0.0,0.214062038082174,2023-04-28
True,pop_below_threshold,0.0,0.23014151897581964,2023-05-01
True,pop_below_threshold,0.0,0.23007022615879014,2023-05-02
True,pop_below_threshold,0.0,0.20595142181776288,2023-05-03
True,pop_below_threshold,0.0,0.20207463874757015,2023-05-04
True,pop_below_threshold,0.0,0.17918065832566976,2023-05-05
True,pop_below_threshold,0.0,0.2136512665645916,2023-05-08
True,pop_below_threshold,0.0,0.21701237529131973,2023-05-09
True,pop_below_threshold,0.0,0.2894762210410162,2023-05-10
True,pop_below_threshold,0.0,0.21721375436278423,2023-05-11
True,pop_below_threshold,0.0,0.2169771985768022,2023-05-12
True,pop_below_threshold,0.0,0.21614890741031406,2023-05-15
True,pop_below_threshold,0.0,0.21476764709546126,2023-05-16
True,pop_below_threshold,0.0,0.20352631177985153,2023-05-17
True,pop_below_threshold,0.0,0.21575969908124115,2023-05-18
True,pop_below_threshold,0.0,0.22497407473189618,2023-05-19
True,pop_below_threshold,0.0,0.21464459571940736,2023-05-22
True,pop_below_threshold,0.0,0.21020276592133363,2023-05-23
True,pop_below_threshold,0.0,0.1976151850912483,2023-05-24
True,pop_below_threshold,0.0,0.17870671768946672,2023-05-25
True,pop_below_threshold,0.0,0.1854817697451614,2023-05-26
True,pop_below_threshold,0.0,0.19868791437692995,2023-05-30
True,pop_below_threshold,0.0,0.20724883573012287,2023-05-31
True,pop_below_threshold,0.0,0.28272139272357044,2023-06-01
True,pop_below_threshold,0.0,0.3177644724666653,2023-06-02
True,pop_below_threshold,0.0,0.24509028786057513,2023-06-05
True,pop_below_threshold,0.0,0.2432900667175501,2023-06-06
True,pop_below_threshold,0.0,0.25643966669037255,2023-06-07
True,pop_below_threshold,0.0,0.2560705943991975,2023-06-08
True,pop_below_threshold,0.0,0.2596960214862319,2023-06-09
True,pop_below_threshold,0.0,0.2577093686997812,2023-06-12
True,pop_below_threshold,0.0,0.23385765027981031,2023-06-13
True,pop_below_threshold,0.0,0.2394028107245501,2023-06-14
True,pop_below_threshold,0.0,0.25159265366484085,2023-06-15
True,pop_below_threshold,0.0,0.25718558673201114,2023-06-20
True,pop_below_threshold,0.0,0.24998356953897194,2023-06-21
True,pop_below_threshold,0.0,0.2619339547649101,2023-06-22
True,pop_below_threshold,0.0,0.2692461888740155,2023-06-23
True,pop_below_threshold,0.0,0.25963748666013087,2023-06-26
True,pop_below_threshold,0.0,0.24508299629808672,2023-06-27
True,pop_below_threshold,0.0,0.25289460378779643,2023-06-28
True,pop_below_threshold,0.0,0.258142434828757,2023-06-29
True,pop_below_threshold,0.0,0.2519743577159138,2023-06-30
True,pop_below_threshold,0.0,0.2525313629507998,2023-07-05
True,pop_below_threshold,0.0,0.24450673285233526,2023-07-06
True,pop_below_threshold,0.0,0.22266905503566464,2023-07-07
True,pop_below_threshold,0.0,0.23225177605908814,2023-07-10
True,pop_below_threshold,0.0,0.22736581589542204,2023-07-11
True,pop_below_threshold,0.0,0.22737440953013077,2023-07-12
True,pop_below_threshold,0.0,0.24991636405769468,2023-07-13
True,pop_below_threshold,0.0,0.24726156443067626,2023-07-14
True,pop_below_threshold,0.0,0.2520195184069608,2023-07-17
True,pop_below_threshold,0.0,0.24994104427506114,2023-07-18
True,pop_below_threshold,0.0,0.2511346313454491,2023-07-19
True,pop_below_threshold,0.0,0.24400843967052926,2023-07-20
True,pop_below_threshold,0.0,0.3315440741809744,2023-07-21
True,pop_below_threshold,0.0,0.24667769034451686,2023-07-24
True,pop_below_threshold,0.0,0.24036593650719768,2023-07-25
True,pop_below_threshold,0.0,0.24165977979057873,2023-07-26
True,pop_below_threshold,0.0,0.2516279335696755,2023-07-27
True,pop_below_threshold,0.0,0.2313047222929825,2023-07-28
True,pop_below_threshold,0.0,0.24843498409963538,2023-07-31
True,pop_below_threshold,0.0,0.24447679232828967,2023-08-01
True,pop_below_threshold,0.0,0.24036427492379975,2023-08-02
True,pop_below_threshold,0.0,0.20975354113226946,2023-08-03
True,pop_below_threshold,0.0,0.21028644019590842,2023-08-04
True,pop_below_threshold,0.0,0.19502698048476408,2023-08-07
True,pop_below_threshold,0.0,0.2150893408694179,2023-08-08
True,pop_below_threshold,0.0,0.21080692352813557,2023-08-09
True,pop_below_threshold,0.0,0.2102061792336573,2023-08-10
True,pop_below_threshold,0.0,0.21436353234439515,2023-08-11
True,pop_below_threshold,0.0,0.22911164371038772,2023-08-14
True,pop_below_threshold,0.0,0.23079778055026573,2023-08-15
True,pop_below_threshold,0.0,0.20715235823959083,2023-08-16
True,pop_below_threshold,0.0,0.20450438391398562,2023-08-17
True,pop_below_threshold,0.0,0.19311480996717922,2023-08-18
True,pop_below_threshold,0.0,0.19886405846640465,2023-08-21
True,pop_below_threshold,0.0,0.19943065653570657,2023-08-22
True,pop_below_threshold,0.0,0.20170995156233634,2023-08-23
True,pop_below_threshold,0.0,0.21507860496342301,2023-08-24
True,pop_below_threshold,0.0,0.20018265015211523,2023-08-25
True,pop_below_threshold,0.0,0.21889417418246282,2023-08-28
True,pop_below_threshold,0.0,0.2263421368039979,2023-08-29
True,pop_below_threshold,0.0,0.2354463453170076,2023-08-30
True,pop_below_threshold,0.0,0.2437700576273823,2023-08-31
True,pop_below_threshold,0.0,0.24969451160374934,2023-09-01
True,pop_below_threshold,0.0,0.25950871174585777,2023-09-05
True,pop_below_threshold,0.0,0.24352135265878705,2023-09-06
True,pop_below_threshold,0.0,0.23904859115545002,2023-09-07
True,pop_below_threshold,0.0,0.32869958218504125,2023-09-08
True,pop_below_threshold,0.0,0.24709174409397594,2023-09-11
True,pop_below_threshold,0.0,0.24865832039888225,2023-09-12
True,pop_below_threshold,0.0,0.24050644727026815,2023-09-13
True,pop_below_threshold,0.0,0.2541699670230275,2023-09-14
True,pop_below_threshold,0.0,0.24759374361263514,2023-09-18
True,pop_below_threshold,0.0,0.24355398515896437,2023-09-19
True,pop_below_threshold,0.0,0.24124005359565437,2023-09-20
True,pop_below_threshold,0.0,0.22890329379627172,2023-09-21
True,pop_below_threshold,0.0,0.1954399624123483,2023-09-22
True,pop_below_threshold,0.0,0.20238980476424312,2023-09-25
True,pop_below_threshold,0.0,0.20630186664858435,2023-09-26
True,pop_below_threshold,0.0,0.1824580321236116,2023-09-27
True,pop_below_threshold,0.0,0.19116894021624187,2023-09-28
True,pop_below_threshold,0.0,0.2000031865872497,2023-09-29
True,pop_below_threshold,0.0,0.1995469186237825,2023-10-02
True,pop_below_threshold,0.0,0.20010653454037308,2023-10-03
True,pop_below_threshold,0.0,0.1758700392533466,2023-10-04
True,pop_below_threshold,0.0,0.18831356420775036,2023-10-05
True,pop_below_threshold,0.0,0.18962596052587322,2023-10-06
True,pop_below_threshold,0.0,0.19956681858055614,2023-10-09
True,pop_below_threshold,0.0,0.1936640531618543,2023-10-10
True,pop_below_threshold,0.0,0.2019074964358626,2023-10-11
True,pop_below_threshold,0.0,0.2152318340380453,2023-10-12
True,pop_below_threshold,0.0,0.20756899943238188,2023-10-13
True,pop_below_threshold,0.0,0.17450141998230212,2023-10-16
True,pop_below_threshold,0.0,0.20028488373403647,2023-10-17
True,pop_below_threshold,0.0,0.19215203336220193,2023-10-18
True,pop_below_threshold,0.0,0.17912464894547564,2023-10-19
True,pop_below_threshold,0.0,0.22988449276324047,2023-10-20
True,pop_below_threshold,0.0,0.1578454858325271,2023-10-23
True,pop_below_threshold,0.0,0.16881073910347388,2023-10-24
True,pop_below_threshold,0.0,0.18693686478674976,2023-10-25
True,pop_below_threshold,0.0,0.17509851494432577,2023-10-26
True,pop_below_threshold,0.0,0.17131845557297293,2023-10-27
True,pop_below_threshold,0.0,0.23804365206676376,2023-10-30
True,pop_below_threshold,0.0,0.18024284288859221,2023-10-31
True,pop_below_threshold,0.0,0.1958764988884566,2023-11-01
True,pop_below_threshold,0.0,0.20824488397545138,2023-11-02
True,pop_below_threshold,0.0,0.22361389625601336,2023-11-03
True,pop_below_threshold,0.0,0.23370778716473473,2023-11-06
True,pop_below_threshold,0.0,0.23443577435804697,2023-11-07
True,pop_below_threshold,0.0,0.23521987640374753,2023-11-08
True,pop_below_threshold,0.0,0.24070021323396623,2023-11-09
True,pop_below_threshold,0.0,0.22905309366602788,2023-11-10
True,pop_below_threshold,0.0,0.2437371634240857,2023-11-13
True,pop_below_threshold,0.0,0.23016409090912882,2023-11-14
True,pop_below_threshold,0.0,0.33016352764351775,2023-11-15
True,pop_below_threshold,0.0,0.2380859973168235,2023-11-16
True,pop_below_threshold,0.0,0.237092656275409,2023-11-17
True,pop_below_threshold,0.0,0.24453552084301466,2023-11-20
True,pop_below_threshold,0.0,0.3463591191956423,2023-11-21
True,pop_below_threshold,0.0,0.25157328917239374,2023-11-22
True,pop_below_threshold,0.0,0.26957880232808995,2023-11-27
True,pop_below_threshold,0.0,0.36276386851493403,2023-11-28
True,pop_below_threshold,0.0,0.26441051906642954,2023-11-29
True,pop_below_threshold,0.0,0.2580860387542294,2023-11-30
True,pop_below_threshold,0.0,0.2606604085824653,2023-12-01
True,pop_below_threshold,0.0,0.26676821313223953,2023-12-04
True,pop_below_threshold,0.0,0.25667080365990935,2023-12-05
True,pop_below_threshold,0.0,0.259395699310097,2023-12-06
True,pop_below_threshold,0.0,0.25841788560809564,2023-12-07
True,pop_below_threshold,0.0,0.253633091615341,2023-12-08
True,pop_below_threshold,0.0,0.27019663274712596,2023-12-11
True,pop_below_threshold,0.0,0.3594822960704477,2023-12-12
True,pop_below_threshold,0.0,0.2737050196789298,2023-12-13
True,pop_below_threshold,0.0,0.36404349856140095,2023-12-14
True,pop_below_threshold,0.0,0.26011224479024975,2023-12-18
True,pop_below_threshold,0.0,0.2536910532816802,2023-12-19
True,pop_below_threshold,0.0,0.2547567339270076,2023-12-20
True,pop_below_threshold,0.0,0.2333802180591582,2023-12-21
True,pop_below_threshold,0.0,0.23210812634805783,2023-12-22
True,pop_below_threshold,0.0,0.24498823476927645,2023-12-26
True,pop_below_threshold,0.0,0.33757293580140507,2023-12-27
True,pop_below_threshold,0.0,0.25590124938813674,2023-12-28
True,pop_below_threshold,0.0,0.255340038020742,2023-12-29
True,pop_below_threshold,0.0,0.2584376166991579,2024-01-02
True,pop_below_threshold,0.0,0.24390826745662747,2024-01-03
True,pop_below_threshold,0.0,0.22886669914262836,2024-01-04
True,pop_below_threshold,0.0,0.22714008723943063,2024-01-05
True,pop_below_threshold,0.0,0.2411194768295422,2024-01-08
True,pop_below_threshold,0.0,0.24520879555590697,2024-01-09
True,pop_below_threshold,0.0,0.2502233206484531,2024-01-10
True,pop_below_threshold,0.0,0.251278684076344,2024-01-11
True,pop_below_threshold,0.0,0.2555196612482304,2024-01-12
True,pop_below_threshold,0.0,0.25158460172309527,2024-01-16
True,pop_below_threshold,0.0,0.2321549036358792,2024-01-17
True,pop_below_threshold,0.0,0.21572226913588666,2024-01-18
True,pop_below_threshold,0.0,0.31198551273366604,2024-01-19
True,pop_below_threshold,0.0,0.3262768323955037,2024-01-22
True,pop_below_threshold,0.0,0.23783800521524273,2024-01-23
True,pop_below_threshold,0.0,0.24796340266503053,2024-01-24
True,pop_below_threshold,0.0,0.2365011428928117,2024-01-25
True,pop_below_threshold,0.0,0.23112476395595022,2024-01-26
True,pop_below_threshold,0.0,0.2355724054242308,2024-01-29
True,pop_below_threshold,0.0,0.2278204566152801,2024-01-30
True,pop_below_threshold,0.0,0.23502900319284115,2024-01-31
True,pop_below_threshold,0.0,0.21690342382074768,2024-02-01
True,pop_below_threshold,0.0,0.3100927672140883,2024-02-02
True,pop_below_threshold,0.0,0.22237484115229866,2024-02-05
True,pop_below_threshold,0.0,0.22467000059201941,2024-02-06
True,pop_below_threshold,0.0,0.23331171527427802,2024-02-07
True,pop_below_threshold,0.0,0.2383764960637459,2024-02-08
True,pop_below_threshold,0.0,0.23895741714191426,2024-02-09
True,pop_below_threshold,0.0,0.2343037655868822,2024-02-12
True,pop_below_threshold,0.0,0.22033806207017426,2024-02-13
True,pop_below_threshold,0.0,0.18983147428126002,2024-02-14
True,pop_below_threshold,0.0,0.21110542872382465,2024-02-15
True,pop_below_threshold,0.0,0.2169693678122272,2024-02-16
True,pop_below_threshold,0.0,0.2150372141542123,2024-02-20
True,pop_below_threshold,0.0,0.1973358564019445,2024-02-21
True,pop_below_threshold,0.0,0.19383918296625113,2024-02-22
True,pop_below_threshold,0.0,0.20391461283043305,2024-02-23
True,pop_below_threshold,0.0,0.30387267489348907,2024-02-26
True,pop_below_threshold,0.0,0.2192320286269941,2024-02-27
True,pop_below_threshold,0.0,0.22424406927609863,2024-02-28
True,pop_below_threshold,0.0,0.21656190672562403,2024-02-29
True,pop_below_threshold,0.0,0.31036874142366067,2024-03-01
True,pop_below_threshold,0.0,0.22648174587050096,2024-03-04
True,pop_below_threshold,0.0,0.2228139947596654,2024-03-05
True,pop_below_threshold,0.0,0.20620713995195455,2024-03-06
True,pop_below_threshold,0.0,0.2033012973353453,2024-03-07
True,pop_below_threshold,0.0,0.2019068854826938,2024-03-08
True,pop_below_threshold,0.0,0.20127205484735267,2024-03-11
True,pop_below_threshold,0.0,0.1914194021698552,2024-03-12
True,pop_below_threshold,0.0,0.21347102579817712,2024-03-13
True,pop_below_threshold,0.0,0.21524306703724383,2024-03-14
True,pop_below_threshold,0.0,0.20135516106586604,2024-03-18
True,pop_below_threshold,0.0,0.20423790876698955,2024-03-19
True,pop_below_threshold,0.0,0.21043881698124178,2024-03-20
True,pop_below_threshold,0.0,0.2203263827420291,2024-03-21
True,pop_below_threshold,0.0,0.2240635850984084,2024-03-22
True,pop_below_threshold,0.0,0.22215711211223554,2024-03-25
True,pop_below_threshold,0.0,0.21894881953183393,2024-03-26
True,pop_below_threshold,0.0,0.3052151532698386,2024-03-27
True,pop_below_threshold,0.0,0.2246495545417314,2024-03-28
True,pop_below_threshold,0.0,0.22218311874841823,2024-04-01
True,pop_below_threshold,0.0,0.21360741449012932,2024-04-02
True,pop_below_threshold,0.0,0.2768247457718552,2024-04-03
True,pop_below_threshold,0.0,0.19965509479525345,2024-04-04
True,pop_below_threshold,0.0,0.17432891281087914,2024-04-05
True,pop_below_threshold,0.0,0.17698974558230052,2024-04-08
True,pop_below_threshold,0.0,0.18933848038515327,2024-04-09
True,pop_below_threshold,0.0,0.19358592109489825,2024-04-10
True,pop_below_threshold,0.0,0.18304094248243596,2024-04-11
True,pop_below_threshold,0.0,0.19529332758895918,2024-04-12
True,pop_below_threshold,0.0,0.16363959216769575,2024-04-15
True,pop_below_threshold,0.0,0.14684892305739566,2024-04-16
True,pop_below_threshold,0.0,0.15464879925374742,2024-04-17
True,pop_below_threshold,0.0,0.15796891291867055,2024-04-18
True,pop_below_threshold,0.0,0.16193538456377204,2024-04-19
True,pop_below_threshold,0.0,0.15490411705271145,2024-04-22
True,pop_below_threshold,0.0,0.17141530727428733,2024-04-23
True,pop_below_threshold,0.0,0.18747123523160336,2024-04-24
True,pop_below_threshold,0.0,0.18657265753667673,2024-04-25
True,pop_below_threshold,0.0,0.1912300585590686,2024-04-26
True,pop_below_threshold,0.0,0.19532248627041848,2024-04-29
True,pop_below_threshold,0.0,0.20174488468123236,2024-04-30
True,pop_below_threshold,0.0,0.19079231637174493,2024-05-01
True,pop_below_threshold,0.0,0.19402731868111633,2024-05-02
True,pop_below_threshold,0.0,0.2013507804525878,2024-05-03
True,pop_below_threshold,0.0,0.21807806557565662,2024-05-06
True,pop_below_threshold,0.0,0.21698078908131202,2024-05-07
True,pop_below_threshold,0.0,0.22178304328751924,2024-05-08
True,pop_below_threshold,0.0,0.22606695081564843,2024-05-09
True,pop_below_threshold,0.0,0.31955513911452615,2024-05-10
True,pop_below_threshold,0.0,0.2332149112158282,2024-05-13
True,pop_below_threshold,0.0,0.21359918585553772,2024-05-14
True,pop_below_threshold,0.0,0.21398560175777692,2024-05-15
True,pop_below_threshold,0.0,0.3199722900926414,2024-05-16
True,pop_below_threshold,0.0,0.23145160992577052,2024-05-17
True,pop_below_threshold,0.0,0.23905179558736406,2024-05-20
True,pop_below_threshold,0.0,0.23754056487040798,2024-05-21
True,pop_below_threshold,0.0,0.24311104672527017,2024-05-22
True,pop_below_threshold,0.0,0.23465148459760143,2024-05-23
True,pop_below_threshold,0.0,0.22632425365005793,2024-05-24
True,pop_below_threshold,0.0,0.24245787207532177,2024-05-28
True,pop_below_threshold,0.0,0.2244201018591248,2024-05-29
True,pop_below_threshold,0.0,0.20174751743993946,2024-05-30
True,pop_below_threshold,0.0,0.20053096257201164,2024-05-31
True,pop_below_threshold,0.0,0.22357662646207527,2024-06-03
True,pop_below_threshold,0.0,0.2197848783357268,2024-06-04
True,pop_below_threshold,0.0,0.21868164294001768,2024-06-05
True,pop_below_threshold,0.0,0.22514797633522288,2024-06-06
True,pop_below_threshold,0.0,0.22771193925292893,2024-06-07
True,pop_below_threshold,0.0,0.2346952724619359,2024-06-10
True,pop_below_threshold,0.0,0.2249344372574329,2024-06-11
True,pop_below_threshold,0.0,0.2185907597551317,2024-06-12
True,pop_below_threshold,0.0,0.23545191561088163,2024-06-13
True,pop_below_threshold,0.0,0.23706375386961742,2024-06-14
True,pop_below_threshold,0.0,0.22309839577733043,2024-06-17
True,pop_below_threshold,0.0,0.2192064607742435,2024-06-18
True,pop_below_threshold,0.0,0.2271766185136756,2024-06-20
True,pop_below_threshold,0.0,0.20833233088545194,2024-06-24
True,pop_below_threshold,0.0,0.20701650586273734,2024-06-25
True,pop_below_threshold,0.0,0.21496630100388692,2024-06-26
True,pop_below_threshold,0.0,0.21942237332827907,2024-06-27
True,pop_below_threshold,0.0,0.22497063183902588,2024-06-28
True,pop_below_threshold,0.0,0.22330351532553894,2024-07-01
True,pop_below_threshold,0.0,0.22728776833681263,2024-07-02
True,pop_below_threshold,0.0,0.2263936087802444,2024-07-05
True,pop_below_threshold,0.0,0.2169801195985524,2024-07-08
True,pop_below_threshold,0.0,0.2195780702902767,2024-07-09
True,pop_below_threshold,0.0,0.2165856445212161,2024-07-10
True,pop_below_threshold,0.0,0.2083707072708949,2024-07-11
True,pop_below_threshold,0.0,0.20832987376990875,2024-07-12
True,pop_below_threshold,0.0,0.21574550327912778,2024-07-15
True,pop_below_threshold,0.0,0.2034620706418343,2024-07-16
True,pop_below_threshold,0.0,0.20355568956938008,2024-07-17
True,pop_below_threshold,0.0,0.18271965702597232,2024-07-18
True,pop_below_threshold,0.0,0.16603147590909761,2024-07-19
True,pop_below_threshold,0.0,0.1579784603762618,2024-07-22
True,pop_below_threshold,0.0,0.17856659814039977,2024-07-23
True,pop_below_threshold,0.0,0.18448419702455726,2024-07-24
True,pop_below_threshold,0.0,0.14567613149103653,2024-07-25
True,pop_below_threshold,0.0,0.14064577948050377,2024-07-26
True,pop_below_threshold,0.0,0.16308931892710526,2024-07-29
True,pop_below_threshold,0.0,0.16065449754034816,2024-07-30
True,pop_below_threshold,0.0,0.14648370127532273,2024-07-31
True,pop_below_threshold,0.0,0.16158381735980287,2024-08-01
True,pop_below_threshold,0.0,0.14399322509661927,2024-08-02
True,pop_below_threshold,0.0,0.10901391114752773,2024-08-05
True,pop_below_threshold,0.0,0.041094680820626006,2024-08-06
True,pop_below_threshold,0.0,0.07974766664872412,2024-08-07
True,pop_below_threshold,0.0,0.07931688240118495,2024-08-08
True,pop_below_threshold,0.0,0.10174669967292105,2024-08-09
True,pop_below_threshold,0.0,0.1263327568830379,2024-08-12
True,pop_below_threshold,0.0,0.12263253330022117,2024-08-13
True,pop_below_threshold,0.0,0.14527399774772937,2024-08-14
True,pop_below_threshold,0.0,0.1644086029779097,2024-08-15
True,pop_below_threshold,0.0,0.25101074460607886,2024-08-16
True,pop_below_threshold,0.0,0.18099945424885405,2024-08-19
True,pop_below_threshold,0.0,0.18175259339628314,2024-08-20
True,pop_below_threshold,0.0,0.16456439144382284,2024-08-21
True,pop_below_threshold,0.0,0.15966635350479985,2024-08-22
True,pop_below_threshold,0.0,0.144688895192701,2024-08-23
True,pop_below_threshold,0.0,0.16468300979474887,2024-08-26
True,pop_below_threshold,0.0,0.16100036282881003,2024-08-27
True,pop_below_threshold,0.0,0.17065109949689478,2024-08-28
True,pop_below_threshold,0.0,0.14976994422046241,2024-08-29
True,pop_below_threshold,0.0,0.1677907565742488,2024-08-30
True,pop_below_threshold,0.0,0.17809419227005396,2024-09-03
True,pop_below_threshold,0.0,0.11838072149704243,2024-09-04
True,pop_below_threshold,0.0,0.11352997140401644,2024-09-05
True,pop_below_threshold,0.0,0.128023726550264,2024-09-06
True,pop_below_threshold,0.0,0.10818621227327901,2024-09-09
True,pop_below_threshold,0.0,0.13110636712866003,2024-09-10
True,pop_below_threshold,0.0,0.13649998874507607,2024-09-11
True,pop_below_threshold,0.0,0.14580405477582165,2024-09-12
True,pop_below_threshold,0.0,0.15115401093252057,2024-09-13
True,pop_below_threshold,0.0,0.15645273258528547,2024-09-16
True,pop_below_threshold,0.0,0.14852339541826448,2024-09-17
True,pop_below_threshold,0.0,0.14421387280569486,2024-09-18
True,pop_below_threshold,0.0,0.1355721001894088,2024-09-19
True,pop_below_threshold,0.0,0.15645845375282214,2024-09-23
True,pop_below_threshold,0.0,0.16042436864592363,2024-09-24
True,pop_below_threshold,0.0,0.16539364452319738,2024-09-25
True,pop_below_threshold,0.0,0.16492703081573584,2024-09-26
True,pop_below_threshold,0.0,0.16528940970382128,2024-09-27
True,pop_below_threshold,0.0,0.14659856032845703,2024-09-30
True,pop_below_threshold,0.0,0.15079605414687347,2024-10-01
True,pop_below_threshold,0.0,0.1246701980592001,2024-10-02
True,pop_below_threshold,0.0,0.12850875916843885,2024-10-03
True,pop_below_threshold,0.0,0.1142464854841157,2024-10-04
True,pop_below_threshold,0.0,0.12431549705411965,2024-10-07
True,pop_below_threshold,0.0,0.09784247966556592,2024-10-08
True,pop_below_threshold,0.0,0.16031109088312423,2024-10-09
True,pop_below_threshold,0.0,0.10939284273651412,2024-10-10
True,pop_below_threshold,0.0,0.10789489117021367,2024-10-11
True,pop_below_threshold,0.0,0.11041098139686312,2024-10-14
True,pop_below_threshold,0.0,0.1168959571015652,2024-10-15
True,pop_below_threshold,0.0,0.10989724364000208,2024-10-16
True,pop_below_threshold,0.0,0.1177820078251236,2024-10-17
True,pop_below_threshold,0.0,0.12184257739384441,2024-10-18
True,pop_below_threshold,0.0,0.13206443518965372,2024-10-21
True,pop_below_threshold,0.0,0.12966629211172048,2024-10-22
True,pop_below_threshold,0.0,0.1314698677090187,2024-10-23
True,pop_below_threshold,0.0,0.12226511769521359,2024-10-24
True,pop_below_threshold,0.0,0.12227474698499596,2024-10-25
True,pop_below_threshold,0.0,0.11216898226216099,2024-10-28
True,pop_below_threshold,0.0,0.11709563671982326,2024-10-29
True,pop_below_threshold,0.0,0.12023176035346783,2024-10-30
True,pop_below_threshold,0.0,0.17254851664900717,2024-10-31
True,pop_below_threshold,0.0,0.09376916516248257,2024-11-01
True,pop_below_threshold,0.0,0.10339061271637334,2024-11-04
True,pop_below_threshold,0.0,0.10212132423928921,2024-11-05
True,pop_below_threshold,0.0,0.10922427586649008,2024-11-06
True,pop_below_threshold,0.0,0.14833059165162688,2024-11-07
True,pop_below_threshold,0.0,0.16067788286513318,2024-11-08
True,pop_below_threshold,0.0,0.16383433593740127,2024-11-11
True,pop_below_threshold,0.0,0.16370134511754048,2024-11-12
True,pop_below_threshold,0.0,0.16728711127851087,2024-11-13
True,pop_below_threshold,0.0,0.17732699901785243,2024-11-14
True,pop_below_threshold,0.0,0.176975199479813,2024-11-15
True,pop_below_threshold,0.0,0.15239641370003248,2024-11-18
True,pop_below_threshold,0.0,0.1593647633545584,2024-11-19
True,pop_below_threshold,0.0,0.15044359139542718,2024-11-20
True,pop_below_threshold,0.0,0.2059396138950489,2024-11-21
True,pop_below_threshold,0.0,0.1422331597062142,2024-11-22
True,pop_below_threshold,0.0,0.16014782518946646,2024-11-25
True,pop_below_threshold,0.0,0.16863321138333592,2024-11-26
True,pop_below_threshold,0.0,0.17608284438930533,2024-11-27
True,pop_below_threshold,0.0,0.18396263651248557,2024-12-02
True,pop_below_threshold,0.0,0.1865409274108537,2024-12-03
True,pop_below_threshold,0.0,0.18579306473167834,2024-12-04
True,pop_below_threshold,0.0,0.1835493333167454,2024-12-05
True,pop_below_threshold,0.0,0.181405886744672,2024-12-06
True,pop_below_threshold,0.0,0.1953991464425615,2024-12-09
True,pop_below_threshold,0.0,0.17267914278274488,2024-12-10
True,pop_below_threshold,0.0,0.1727391929306223,2024-12-11
True,pop_below_threshold,0.0,0.181893333368376,2024-12-12
True,pop_below_threshold,0.0,0.17709860122671334,2024-12-13
True,pop_below_threshold,0.0,0.1785782580161821,2024-12-16
True,pop_below_threshold,0.0,0.16681239131583964,2024-12-17
True,pop_below_threshold,0.0,0.15067478551600688,2024-12-18
True,pop_below_threshold,0.0,0.06729006822705874,2024-12-19
True,pop_below_threshold,0.0,0.12653142977356352,2024-12-23
True,pop_below_threshold,0.0,0.17071449209245276,2024-12-26
True,pop_below_threshold,0.0,0.16753830132977227,2024-12-27
True,pop_below_threshold,0.0,0.1544392043565337,2024-12-30
True,pop_below_threshold,0.0,0.13631906568863017,2024-12-31
True,pop_below_threshold,0.0,0.13745770248063682,2025-01-02
True,pop_below_threshold,0.0,0.13162765230985712,2025-01-03
True,pop_below_threshold,0.0,0.14754871809327075,2025-01-06
True,pop_below_threshold,0.0,0.15064768290948516,2025-01-07
True,pop_below_threshold,0.0,0.13310979206000195,2025-01-08
True,pop_below_threshold,0.0,0.1359223219738115,2025-01-10
True,pop_below_threshold,0.0,0.12023055683843564,2025-01-13
True,pop_below_threshold,0.0,0.12142745323464982,2025-01-14
True,pop_below_threshold,0.0,0.12297705652368435,2025-01-15
True,pop_below_threshold,0.0,0.15045968082534683,2025-01-16
True,pop_below_threshold,0.0,0.14348884558312625,2025-01-17
True,pop_below_threshold,0.0,0.1494557788604774,2025-01-21
True,pop_below_threshold,0.0,0.15888209261263347,2025-01-22
True,pop_below_threshold,0.0,0.15905666978894661,2025-01-23
True,pop_below_threshold,0.0,0.15905083082050236,2025-01-24
True,pop_below_threshold,0.0,0.16453044019030727,2025-01-27
True,pop_below_threshold,0.0,0.1282148980405401,2025-01-28
True,pop_below_threshold,0.0,0.14361012307815224,2025-01-29
True,pop_below_threshold,0.0,0.14229482011817113,2025-01-30
True,pop_below_threshold,0.0,0.1490032558932629,2025-01-31
True,pop_below_threshold,0.0,0.14570371558671125,2025-02-03
True,pop_below_threshold,0.0,0.12207370436062581,2025-02-04
True,pop_below_threshold,0.0,0.13584957557527866,2025-02-05
True,pop_below_threshold,0.0,0.15119632366935187,2025-02-06
True,pop_below_threshold,0.0,0.15475091614868597,2025-02-07
True,pop_below_threshold,0.0,0.14222896464501522,2025-02-10
True,pop_below_threshold,0.0,0.1509679751811216,2025-02-11
True,pop_below_threshold,0.0,0.14937658945803345,2025-02-12
True,pop_below_threshold,0.0,0.14935148455785424,2025-02-13
True,pop_below_threshold,0.0,0.1583151987846359,2025-02-14
True,pop_below_threshold,0.0,0.16260994528593709,2025-02-18
True,pop_below_threshold,0.0,0.15483418399434107,2025-02-19
True,pop_below_threshold,0.0,0.15635096002269816,2025-02-20
True,pop_below_threshold,0.0,0.15244081772453616,2025-02-21
True,pop_below_threshold,0.0,0.12711111175043605,2025-02-24
True,pop_below_threshold,0.0,0.12208804186679478,2025-02-25
True,pop_below_threshold,0.0,0.11618640319981438,2025-02-26
True,pop_below_threshold,0.0,0.11970531396623268,2025-02-27
True,pop_below_threshold,0.0,0.1052074730291962,2025-02-28
True,pop_below_threshold,0.0,0.11552933435649981,2025-03-03
True,pop_below_threshold,0.0,0.09715559078553238,2025-03-04
True,pop_below_threshold,0.0,0.09209531870545579,2025-03-05
True,pop_below_threshold,0.0,0.10204836593787964,2025-03-06
True,pop_below_threshold,0.0,0.08484573234543691,2025-03-07
True,pop_below_threshold,0.0,0.09569980915734494,2025-03-10
True,pop_below_threshold,0.0,0.07326025896404043,2025-03-11
True,pop_below_threshold,0.0,0.07717367032445466,2025-03-12
True,pop_below_threshold,0.0,0.09259062082342318,2025-03-13
True,pop_below_threshold,0.0,0.09000316800541475,2025-03-14
True,pop_below_threshold,0.0,0.10713335616945086,2025-03-17
True,pop_below_threshold,0.0,0.11796308612086714,2025-03-18
True,pop_below_threshold,0.0,0.1077721747152317,2025-03-19
True,pop_below_threshold,0.0,0.12072024190730962,2025-03-20
True,pop_below_threshold,0.0,0.12303104861919961,2025-03-24
True,pop_below_threshold,0.0,0.13969673500403712,2025-03-25
True,pop_below_threshold,0.0,0.14402069988726612,2025-03-26
True,pop_below_threshold,0.0,0.1330581735880223,2025-03-27
True,pop_below_threshold,0.0,0.13291689842588822,2025-03-28
True,pop_below_threshold,0.0,0.11057791513705567,2025-03-31
True,pop_below_threshold,0.0,0.15904161573940306,2025-04-01
True,pop_below_threshold,0.0,0.10674776001095132,2025-04-02
True,pop_below_threshold,0.0,0.11369562261328892,2025-04-03
True,pop_below_threshold,0.0,0.07181658957138198,2025-04-04
True,no_viable_long_strike,0.0,,2025-04-07
True,no_viable_long_strike,0.0,,2025-04-08
True,no_viable_long_strike,0.0,,2025-04-09
True,pop_below_threshold,0.0,0.055146437581985785,2025-04-10
True,pop_below_threshold,0.0,0.03582400497580046,2025-04-11
True,pop_below_threshold,0.0,0.04018869649566409,2025-04-14
True,pop_below_threshold,0.0,0.06286960768914196,2025-04-15
True,pop_below_threshold,0.0,0.06783766292001703,2025-04-16
True,pop_below_threshold,0.0,0.05941396697166268,2025-04-17
True,pop_below_threshold,0.0,0.07382508754316586,2025-04-21
True,pop_below_threshold,0.0,0.05562110362469258,2025-04-22
True,pop_below_threshold,0.0,0.06328866111078746,2025-04-23
True,pop_below_threshold,0.0,0.07294430389849915,2025-04-24
True,pop_below_threshold,0.0,0.08224473932859883,2025-04-25
True,pop_below_threshold,0.0,0.08975421902962916,2025-04-28
True,pop_below_threshold,0.0,0.08818943072466245,2025-04-29
True,pop_below_threshold,0.0,0.0950716507692268,2025-04-30
True,pop_below_threshold,0.0,0.08780086974823276,2025-05-01
True,pop_below_threshold,0.0,0.08739174403742284,2025-05-02
True,pop_below_threshold,0.0,0.10012281684185242,2025-05-05
True,pop_below_threshold,0.0,0.09471570986681016,2025-05-06
True,pop_below_threshold,0.0,0.08760714240198286,2025-05-07
True,pop_below_threshold,0.0,0.09427562083517615,2025-05-08
True,pop_below_threshold,0.0,0.10144811593317615,2025-05-09
True,pop_below_threshold,0.0,0.1018894266620361,2025-05-12
True,pop_below_threshold,0.0,0.1284630836818179,2025-05-13
True,pop_below_threshold,0.0,0.1297096071708057,2025-05-14
True,pop_below_threshold,0.0,0.12669798989508035,2025-05-15
True,pop_below_threshold,0.0,0.1327692468471912,2025-05-16
True,pop_below_threshold,0.0,0.1385216225709841,2025-05-19
True,pop_below_threshold,0.0,0.1291677246223797,2025-05-20
True,pop_below_threshold,0.0,0.13071037766462118,2025-05-21
True,pop_below_threshold,0.0,0.1085070119343775,2025-05-22
True,pop_below_threshold,0.0,0.11470076511587574,2025-05-23
True,pop_below_threshold,0.0,0.09698792385787125,2025-05-27
True,pop_below_threshold,0.0,0.12254167613070815,2025-05-28
True,pop_below_threshold,0.0,0.11933081896535391,2025-05-29
True,pop_below_threshold,0.0,0.12086276397035489,2025-05-30
True,pop_below_threshold,0.0,0.1266750947870554,2025-06-02
True,pop_below_threshold,0.0,0.12710828341388036,2025-06-03
True,pop_below_threshold,0.0,0.1955057750044391,2025-06-04
True,pop_below_threshold,0.0,0.1336962091460524,2025-06-05
True,pop_below_threshold,0.0,0.12469036626627,2025-06-06
True,pop_below_threshold,0.0,0.14204109622198768,2025-06-09
True,pop_below_threshold,0.0,0.13727027337758962,2025-06-10
True,pop_below_threshold,0.0,0.138519856733481,2025-06-11
True,pop_below_threshold,0.0,0.13583418536482073,2025-06-12
True,pop_below_threshold,0.0,0.12986746441693603,2025-06-13
True,pop_below_threshold,0.0,0.10380000361545894,2025-06-16
True,pop_below_threshold,0.0,0.11848807231093933,2025-06-17
True,pop_below_threshold,0.0,0.09894821708450113,2025-06-18
True,pop_below_threshold,0.0,0.1052789753511722,2025-06-23
True,pop_below_threshold,0.0,0.10978750030947199,2025-06-24
True,pop_below_threshold,0.0,0.13038906968800057,2025-06-25
True,pop_below_threshold,0.0,0.1369499250638671,2025-06-26
True,pop_below_threshold,0.0,0.1375889199504437,2025-06-27
True,pop_below_threshold,0.0,0.14023718357857345,2025-06-30
True,pop_below_threshold,0.0,0.13559926830440028,2025-07-01
True,pop_below_threshold,0.0,0.13416707945969608,2025-07-02
True,pop_below_threshold,0.0,0.13776677279035693,2025-07-07
True,pop_below_threshold,0.0,0.12411410992983807,2025-07-08
True,pop_below_threshold,0.0,0.13308371990153034,2025-07-09
True,pop_below_threshold,0.0,0.14281075962154866,2025-07-10
True,pop_below_threshold,0.0,0.14465098390952924,2025-07-11
True,pop_below_threshold,0.0,0.1377575741185268,2025-07-14
True,pop_below_threshold,0.0,0.1286574369317704,2025-07-15
True,pop_below_threshold,0.0,0.12750690342789583,2025-07-16
True,pop_below_threshold,0.0,0.19080056678244328,2025-07-17
True,pop_below_threshold,0.0,0.13545526097985783,2025-07-18
True,pop_below_threshold,0.0,0.13547236638288285,2025-07-21
True,pop_below_threshold,0.0,0.1341384926358385,2025-07-22
True,pop_below_threshold,0.0,0.13461621532950152,2025-07-23
True,pop_below_threshold,0.0,0.1463781354545397,2025-07-24
True,pop_below_threshold,0.0,0.14617042054451496,2025-07-25
True,pop_below_threshold,0.0,0.15135705136302102,2025-07-28
True,pop_below_threshold,0.0,0.15000794299942538,2025-07-29
True,pop_below_threshold,0.0,0.13895749970372667,2025-07-30
True,pop_below_threshold,0.0,0.21045344110442576,2025-07-31
True,pop_below_threshold,0.0,0.13457011409620873,2025-08-01
True,pop_below_threshold,0.0,0.09998224315270104,2025-08-04
True,pop_below_threshold,0.0,0.12458272688238109,2025-08-05
True,pop_below_threshold,0.0,0.1218078368236743,2025-08-06
True,pop_below_threshold,0.0,0.13136283422800854,2025-08-07
True,pop_below_threshold,0.0,0.13280956242175812,2025-08-08
True,pop_below_threshold,0.0,0.14900181795252376,2025-08-11
True,pop_below_threshold,0.0,0.13549160813364186,2025-08-12
True,pop_below_threshold,0.0,0.15265196428303307,2025-08-13
True,pop_below_threshold,0.0,0.1558461842377462,2025-08-14
True,pop_below_threshold,0.0,0.15126680681008947,2025-08-15
True,pop_below_threshold,0.0,0.1482319964859673,2025-08-18
True,pop_below_threshold,0.0,0.14932774272542,2025-08-19
True,pop_below_threshold,0.0,0.1452170755536164,2025-08-20
True,pop_below_threshold,0.0,0.14262429344959326,2025-08-21
True,pop_below_threshold,0.0,0.13073242198349388,2025-08-22
True,pop_below_threshold,0.0,0.15974807722676276,2025-08-25
True,pop_below_threshold,0.0,0.15208686513343905,2025-08-26
True,pop_below_threshold,0.0,0.1534331302257707,2025-08-27
True,pop_below_threshold,0.0,0.1509384755389651,2025-08-28
True,pop_below_threshold,0.0,0.156791407082514,2025-08-29
True,pop_below_threshold,0.0,0.14650370717624284,2025-09-02
True,pop_below_threshold,0.0,0.12528768981867033,2025-09-03
True,pop_below_threshold,0.0,0.19645280710368906,2025-09-04
True,pop_below_threshold,0.0,0.14503814866449288,2025-09-05
True,pop_below_threshold,0.0,0.1458868670750959,2025-09-08
True,pop_below_threshold,0.0,0.14660917720811112,2025-09-09
True,pop_below_threshold,0.0,0.14635318620783166,2025-09-10
True,pop_below_threshold,0.0,0.1419154679643434,2025-09-11
True,pop_below_threshold,0.0,0.14957406413972213,2025-09-12
True,pop_below_threshold,0.0,0.1477711496807967,2025-09-15
True,pop_below_threshold,0.0,0.13706567042423545,2025-09-16
True,pop_below_threshold,0.0,0.12982238243911615,2025-09-17
True,pop_below_threshold,0.0,0.13521532839697176,2025-09-18
True,pop_below_threshold,0.0,0.13657264264280805,2025-09-22
True,pop_below_threshold,0.0,0.12872228926404716,2025-09-23
True,pop_below_threshold,0.0,0.12382383648542944,2025-09-24
True,pop_below_threshold,0.0,0.1299149841771431,2025-09-25
True,pop_below_threshold,0.0,0.12410781806630877,2025-09-26
True,pop_below_threshold,0.0,0.1386570473981959,2025-09-29
True,pop_below_threshold,0.0,0.1296339902442346,2025-09-30
True,pop_below_threshold,0.0,0.1271651137976762,2025-10-01
True,pop_below_threshold,0.0,0.12642580389073366,2025-10-02
True,pop_below_threshold,0.0,0.12226103283283013,2025-10-03
True,pop_below_threshold,0.0,0.12233306668043986,2025-10-06
True,pop_below_threshold,0.0,0.12494281629272014,2025-10-07
True,pop_below_threshold,0.0,0.1740224251601601,2025-10-08
True,pop_below_threshold,0.0,0.1258602866435195,2025-10-09
True,pop_below_threshold,0.0,0.12424749999918838,2025-10-10
True,pop_below_threshold,0.0,0.08376967471717078,2025-10-13
True,pop_below_threshold,0.0,0.10310134697954382,2025-10-14
True,pop_below_threshold,0.0,0.08753850706303656,2025-10-15
True,pop_below_threshold,0.0,0.08942279826932809,2025-10-16
True,pop_below_threshold,0.0,0.06308289035665254,2025-10-17
True,pop_below_threshold,0.0,0.08779803408849463,2025-10-20
True,pop_below_threshold,0.0,0.10742119734957606,2025-10-21
True,pop_below_threshold,0.0,0.11109173153070206,2025-10-22
True,pop_below_threshold,0.0,0.10472788466489702,2025-10-23
True,pop_below_threshold,0.0,0.11464709989731325,2025-10-24
True,pop_below_threshold,0.0,0.12250325117468924,2025-10-27
True,pop_below_threshold,0.0,0.12798731667445462,2025-10-28
True,pop_below_threshold,0.0,0.12039751531794307,2025-10-29
True,pop_below_threshold,0.0,0.11686156358658961,2025-10-30
True,pop_below_threshold,0.0,0.11695422691949037,2025-10-31
True,pop_below_threshold,0.0,0.11247436164268515,2025-11-03
True,pop_below_threshold,0.0,0.11554168758020739,2025-11-04
True,pop_below_threshold,0.0,0.09984273352675033,2025-11-05
True,pop_below_threshold,0.0,0.1089370084272615,2025-11-06
True,pop_below_threshold,0.0,0.09849812637828603,2025-11-07
True,pop_below_threshold,0.0,0.09898765672605125,2025-11-10
True,pop_below_threshold,0.0,0.11160888281017811,2025-11-11
True,pop_below_threshold,0.0,0.17091315087633085,2025-11-12
True,pop_below_threshold,0.0,0.11250816016094412,2025-11-13
True,pop_below_threshold,0.0,0.09392543596084707,2025-11-14
True,pop_below_threshold,0.0,0.09477313421192018,2025-11-17
True,pop_below_threshold,0.0,0.08014547338386024,2025-11-18
True,pop_below_threshold,0.0,0.06589336569984627,2025-11-19
True,pop_below_threshold,0.0,0.06973388359396188,2025-11-20
True,pop_below_threshold,0.0,0.06000114680549373,2025-11-21
True,pop_below_threshold,0.0,0.07279911295983477,2025-11-24
True,pop_below_threshold,0.0,0.09055891361328777,2025-11-25
True,pop_below_threshold,0.0,0.10357330659205971,2025-11-26
True,pop_below_threshold,0.0,0.12420722616285862,2025-12-01
True,pop_below_threshold,0.0,0.11475513374824975,2025-12-02
True,pop_below_threshold,0.0,0.12113345021852923,2025-12-03
True,pop_below_threshold,0.0,0.12616749411440908,2025-12-04
True,pop_below_threshold,0.0,0.1282447506384154,2025-12-05
True,pop_below_threshold,0.0,0.13330953058577127,2025-12-08
True,pop_below_threshold,0.0,0.12006728518900533,2025-12-09
True,pop_below_threshold,0.0,0.11779603179411746,2025-12-10
True,pop_below_threshold,0.0,0.1289333416510028,2025-12-11
True,pop_below_threshold,0.0,0.1406548919470485,2025-12-12
True,pop_below_threshold,0.0,0.13124745127059273,2025-12-15
True,pop_below_threshold,0.0,0.12327028673805651,2025-12-16
True,pop_below_threshold,0.0,0.12334723763610522,2025-12-17
True,pop_below_threshold,0.0,0.11223255599930348,2025-12-18
True,pop_below_threshold,0.0,0.20257694236677093,2025-12-22
True,pop_below_threshold,0.0,0.14858343044537203,2025-12-23
True,pop_below_threshold,0.0,0.15548545995966534,2025-12-26
True,pop_below_threshold,0.0,0.22365599900954541,2025-12-29
True,pop_below_threshold,0.0,0.14637676353311996,2025-12-30
True,pop_below_threshold,0.0,0.14541522150757302,2025-12-31
True,pop_below_threshold,0.0,0.13824417505602726,2026-01-02
True,pop_below_threshold,0.0,0.14208572697429966,2026-01-05
True,pop_below_threshold,0.0,0.1365988812587794,2026-01-06
True,pop_below_threshold,0.0,0.13843924143409014,2026-01-07
True,pop_below_threshold,0.0,0.13157057856282678,2026-01-08
True,pop_below_threshold,0.0,0.12983091652467837,2026-01-09
True,pop_below_threshold,0.0,0.14116791390343192,2026-01-12
True,pop_below_threshold,0.0,0.13352994588228206,2026-01-13
True,pop_below_threshold,0.0,0.12490732668380666,2026-01-14
True,pop_below_threshold,0.0,0.11592139759272507,2026-01-15
True,pop_below_threshold,0.0,0.1259225038136812,2026-01-16
True,pop_below_threshold,0.0,0.12757945981213992,2026-01-20
True,pop_below_threshold,0.0,0.09011857252741623,2026-01-21
True,pop_below_threshold,0.0,0.11579542036145296,2026-01-22
True,pop_below_threshold,0.0,0.12897754683089924,2026-01-23
True,pop_below_threshold,0.0,0.1231238577658556,2026-01-26
True,pop_below_threshold,0.0,0.12189977971709526,2026-01-27
True,pop_below_threshold,0.0,0.11962051970854531,2026-01-28
True,pop_below_threshold,0.0,0.12119098442546927,2026-01-29
True,pop_below_threshold,0.0,0.11556780096582059,2026-01-30
True,pop_below_threshold,0.0,0.1092732756315894,2026-02-02
True,pop_below_threshold,0.0,0.12085484630656818,2026-02-03
True,pop_below_threshold,0.0,0.10537721305005637,2026-02-04
True,pop_below_threshold,0.0,0.1570674651289345,2026-02-05
True,pop_below_threshold,0.0,0.07858667469080088,2026-02-06
True,pop_below_threshold,0.0,0.08656298310108179,2026-02-09
True,pop_below_threshold,0.0,0.10989795792853407,2026-02-10
True,pop_below_threshold,0.0,0.10757623344148798,2026-02-11
True,pop_below_threshold,0.0,0.10792393516181104,2026-02-12
True,pop_below_threshold,0.0,0.0854192033129118,2026-02-13
True,pop_below_threshold,0.0,0.08813331613758757,2026-02-17
True,pop_below_threshold,0.0,0.08816891391244114,2026-02-18
True,pop_below_threshold,0.0,0.09390786258896533,2026-02-19
True,pop_below_threshold,0.0,0.08883626876907957,2026-02-20
True,pop_below_threshold,0.0,0.09788138934562884,2026-02-23
True,pop_below_threshold,0.0,0.08362114306604196,2026-02-24
True,pop_below_threshold,0.0,0.1439627210179989,2026-02-25
True,pop_below_threshold,0.0,0.10746314776442373,2026-02-26
True,pop_below_threshold,0.0,0.10165706472631475,2026-02-27
True,pop_below_threshold,0.0,0.09239264101899092,2026-03-02
True,pop_below_threshold,0.0,0.08415941035311941,2026-03-03
True,pop_below_threshold,0.0,0.06838553109864065,2026-03-04
True,pop_below_threshold,0.0,0.08386556742325774,2026-03-05
True,pop_below_threshold,0.0,0.06967036847596225,2026-03-06
True,pop_below_threshold,0.0,0.045863418976498094,2026-03-09
True,pop_below_threshold,0.0,0.060232496407984615,2026-03-10
True,pop_below_threshold,0.0,0.06325681089809676,2026-03-11
True,pop_below_threshold,0.0,0.06827117023662144,2026-03-12
True,pop_below_threshold,0.0,0.05378197010690666,2026-03-13
True,pop_below_threshold,0.0,0.05395972814475514,2026-03-16
True,pop_below_threshold,0.0,0.07139219717222028,2026-03-17
True,pop_below_threshold,0.0,0.0792984177036331,2026-03-18
True,pop_below_threshold,0.0,0.06616272721479632,2026-03-19
True,pop_below_threshold,0.0,0.05621795169656396,2026-03-23
True,pop_below_threshold,0.0,0.06052544514187108,2026-03-24
True,pop_below_threshold,0.0,0.05599382311246082,2026-03-25
True,pop_below_threshold,0.0,0.06431605123500223,2026-03-26
True,pop_below_threshold,0.0,0.05732674006784255,2026-03-27
True,pop_below_threshold,0.0,0.043979688947065054,2026-03-30
True,pop_below_threshold,0.0,0.044456207651470125,2026-03-31
True,pop_below_threshold,0.0,0.064541422854409,2026-04-01
True,pop_below_threshold,0.0,0.06908133518385084,2026-04-02
True,pop_below_threshold,0.0,0.07112880547689465,2026-04-06
True,pop_below_threshold,0.0,0.07028174850712549,2026-04-07
True,pop_below_threshold,0.0,0.05868687395501315,2026-04-08
True,pop_below_threshold,0.0,0.08512165308727188,2026-04-09
True,pop_below_threshold,0.0,0.0947972855124029,2026-04-10
True,pop_below_threshold,0.0,0.09725423391690224,2026-04-13
True,pop_below_threshold,0.0,0.09565539703839471,2026-04-14
True,pop_below_threshold,0.0,0.10051528930451481,2026-04-15
True,pop_below_threshold,0.0,0.1017372112692585,2026-04-16
True,pop_below_threshold,0.0,0.10152084193595196,2026-04-17
True,pop_below_threshold,0.0,0.1054998976891785,2026-04-20
True,pop_below_threshold,0.0,0.09353403878538802,2026-04-21
True,pop_below_threshold,0.0,0.08880205227796861,2026-04-22
True,pop_below_threshold,0.0,0.09330069024936749,2026-04-23
True,pop_below_threshold,0.0,0.09043990209831904,2026-04-24
True,pop_below_threshold,0.0,0.09435194137631747,2026-04-27
True,pop_below_threshold,0.0,0.10055993756572346,2026-04-28
True,pop_below_threshold,0.0,0.10217592978957002,2026-04-29
